food_name,source,serving_size_g,calories,protein_g,carb_g,fat_g,notes,calcium_mg,iron_mg
光泉無加糖濃豆漿,光泉,375,190,19.1,7.9,9.8,每包375ml；膳食纖維3g；無加糖,,
全家日式和風沙拉醬,全家FamilyMart,40,48,0.6,8.4,1.4,每包40g；鈉366mg；魔術食品工業,,
福樂頂級鮮奶優酪,福樂Foremost,135,83,4.1,5.5,4.9,每杯135g；鈣122mg；含自然乳糖5.3g，無添加糖,,
義美生醫W PROTEIN抹茶乳清,義美生醫I-Mei,35,141,21.5,8.3,2.4,每包35g；咖啡因75.2mg；乳清分離+濃縮蛋白,,
義美生醫W PROTEIN VEGAN豌豆蛋白,義美生醫I-Mei,15,63,12.5,0.3,1.3,每15g；純素豌豆蛋白；MFP標示值,,
光泉無加糖濃黑豆漿特濃5.1,光泉,375,204,19.1,11.6,9.8,每盒375ml；黑豆；標示值,,
Hi-Life雞肉多多蛋白餐,萊爾富Hi-Life,380,408,33.1,44.1,11.0,每盒380g；十穀飯+雞胸+烤豆腐；標示值,,
大麥仁,食藥署台灣食品成分資料庫,100,346.7,8.6,77.1,1.6,穀物類；每100g；食藥署標示值,26,1.8
大麥片,食藥署台灣食品成分資料庫,100,351.9,8.6,76.7,1.8,穀物類；每100g；食藥署標示值,13,2.2
大麥仁粉,食藥署台灣食品成分資料庫,100,373.6,7.1,85.0,1.3,穀物類；每100g；食藥署標示值,25,1.1
小米,食藥署台灣食品成分資料庫,100,365.5,11.3,71.7,3.7,穀物類；每100g；食藥署標示值,5,2.9
小米(2025年取樣),食藥署台灣食品成分資料庫,100,370.9,11.0,73.6,3.9,穀物類；每100g；食藥署標示值,5,2.9
糯小米,食藥署台灣食品成分資料庫,100,357.2,12.5,72.5,1.5,穀物類；每100g；食藥署標示值,9,2.2
小麥,食藥署台灣食品成分資料庫,100,337.7,14.1,69.2,2.6,穀物類；每100g；食藥署標示值,19,3.4
小麥胚芽,食藥署台灣食品成分資料庫,100,395.8,31.4,47.9,11.6,穀物類；每100g；食藥署標示值,45,6
去筋麵粉,食藥署台灣食品成分資料庫,100,354.0,0.2,85.7,0.1,穀物類；每100g；食藥署標示值,7,0
低筋麵粉,食藥署台灣食品成分資料庫,100,359.4,8.1,78.2,1.2,穀物類；每100g；食藥署標示值,12,1.2
中筋麵粉,食藥署台灣食品成分資料庫,100,357.2,11.5,74.1,1.3,穀物類；每100g；食藥署標示值,12,0.9
高筋麵粉,食藥署台灣食品成分資料庫,100,357.6,12.9,73.1,1.2,穀物類；每100g；食藥署標示值,11,1.2
高筋麵粉(2021年取樣),食藥署台灣食品成分資料庫,100,357.0,13.8,72.2,1.3,穀物類；每100g；食藥署標示值,14,0.9
全麥麵粉,食藥署台灣食品成分資料庫,100,342.3,13.0,71.4,1.7,穀物類；每100g；食藥署標示值,23,3.4
雜糧中筋麵粉,食藥署台灣食品成分資料庫,100,349.6,13.1,72.0,2.3,穀物類；每100g；食藥署標示值,24,1.8
雜糧高筋麵粉,食藥署台灣食品成分資料庫,100,349.7,14.3,69.6,2.8,穀物類；每100g；食藥署標示值,24,1.9
白玉米,食藥署台灣食品成分資料庫,100,58.0,3.4,11.4,0.6,穀物類；每100g；食藥署標示值,5,0.6
糯玉米(紫色),食藥署台灣食品成分資料庫,100,157.4,4.5,34.4,1.0,穀物類；每100g；食藥署標示值,6,0.9
甜玉米,食藥署台灣食品成分資料庫,100,96.9,3.2,17.8,2.5,穀物類；每100g；食藥署標示值,3,0.5
雙色水果玉米,食藥署台灣食品成分資料庫,100,96.9,3.1,17.5,2.6,穀物類；每100g；食藥署標示值,3,0.7
糯玉米(雙色),食藥署台灣食品成分資料庫,100,164.8,4.7,33.4,1.9,穀物類；每100g；食藥署標示值,6,0.9
冷凍玉米粒,食藥署台灣食品成分資料庫,100,167.0,3.1,22.5,8.2,穀物類；每100g；食藥署標示值,3,0.6
乾玉米粒,食藥署台灣食品成分資料庫,100,345.9,10.9,72.2,3.9,穀物類；每100g；食藥署標示值,6,2.4
玉米胚芽,食藥署台灣食品成分資料庫,100,353.9,7.0,80.3,0.9,穀物類；每100g；食藥署標示值,3,0.8
玉米粉,食藥署台灣食品成分資料庫,100,368.2,0.3,88.3,0.4,穀物類；每100g；食藥署標示值,2,0.2
秈米平均值,食藥署台灣食品成分資料庫,100,355.4,7.8,77.4,0.9,穀物類；每100g；食藥署標示值,5,0.3
秈米(台中在來2號),食藥署台灣食品成分資料庫,100,353.7,8.2,76.3,1.0,穀物類；每100g；食藥署標示值,5,0.3
秈米(台中秈10號),食藥署台灣食品成分資料庫,100,357.1,7.4,78.5,0.7,穀物類；每100g；食藥署標示值,5,0.2
秈米(台中秈10號)(2024年取樣),食藥署台灣食品成分資料庫,100,355.8,6.1,79.8,0.6,穀物類；每100g；食藥署標示值,6,0.4
稉米平均值,食藥署台灣食品成分資料庫,100,352.5,7.0,77.8,0.7,穀物類；每100g；食藥署標示值,5,0.4
稉米(台中189號),食藥署台灣食品成分資料庫,100,354.9,7.5,78.1,0.6,穀物類；每100g；食藥署標示值,5,0.7
稉米(台南11號),食藥署台灣食品成分資料庫,100,346.7,6.7,77.2,0.5,穀物類；每100g；食藥署標示值,4,0.2
稉米(台稉2號),食藥署台灣食品成分資料庫,100,355.5,7.2,78.7,0.5,穀物類；每100g；食藥署標示值,5,0.4
稉米(台稉8號),食藥署台灣食品成分資料庫,100,354.2,6.9,78.8,0.4,穀物類；每100g；食藥署標示值,4,0.4
稉米(台稉9號),食藥署台灣食品成分資料庫,100,352.0,6.6,78.2,0.6,穀物類；每100g；食藥署標示值,5,0.2
稉米(台農71號),食藥署台灣食品成分資料庫,100,354.7,7.9,77.8,0.6,穀物類；每100g；食藥署標示值,5,0.3
稉米(高雄139號),食藥署台灣食品成分資料庫,100,354.5,6.1,78.5,1.2,穀物類；每100g；食藥署標示值,6,1
稉米(高雄142號),食藥署台灣食品成分資料庫,100,352.1,7.0,77.7,0.6,穀物類；每100g；食藥署標示值,6,0.2
稉米(高雄145號),食藥署台灣食品成分資料庫,100,362.4,6.8,80.0,1.0,穀物類；每100g；食藥署標示值,5,0.3
稉米(高雄139號)(2021年取樣),食藥署台灣食品成分資料庫,100,350.6,5.7,79.2,0.5,穀物類；每100g；食藥署標示值,3,0
稉米(高雄147),食藥署台灣食品成分資料庫,100,355.7,5.5,79.8,0.9,穀物類；每100g；食藥署標示值,,
越光米,食藥署台灣食品成分資料庫,100,337.7,7.6,73.2,1.0,穀物類；每100g；食藥署標示值,5,0.1
越光米(台南16號)(2024年取樣),食藥署台灣食品成分資料庫,100,354.0,6.9,79.1,0.3,穀物類；每100g；食藥署標示值,5,0.4
秈型糯米(台中糯70號),食藥署台灣食品成分資料庫,100,360.5,7.9,78.4,0.9,穀物類；每100g；食藥署標示值,5,0.2
秈型糯米(2025年取樣),食藥署台灣食品成分資料庫,100,360.3,7.0,79.6,0.8,穀物類；每100g；食藥署標示值,,
稉型糯米平均值,食藥署台灣食品成分資料庫,100,356.7,8.3,77.4,0.8,穀物類；每100g；食藥署標示值,7,0.4
稉型糯米,食藥署台灣食品成分資料庫,100,357.1,8.4,78.0,0.5,穀物類；每100g；食藥署標示值,6,0.4
稉型糯米(台稉糯1號),食藥署台灣食品成分資料庫,100,356.2,8.2,76.8,1.1,穀物類；每100g；食藥署標示值,7,0.4
稉型糯米(2025年取樣),食藥署台灣食品成分資料庫,100,358.7,6.8,79.4,0.9,穀物類；每100g；食藥署標示值,6,0.4
野生紅米,食藥署台灣食品成分資料庫,100,352.4,7.7,74.7,2.6,穀物類；每100g；食藥署標示值,15,0.7
紅糯糙米,食藥署台灣食品成分資料庫,100,352.2,9.9,72.6,2.8,穀物類；每100g；食藥署標示值,12,1
黑秈糯糙米,食藥署台灣食品成分資料庫,100,350.4,10.1,70.1,3.5,穀物類；每100g；食藥署標示值,9,1.6
黑秈糯糙米(2025年取樣),食藥署台灣食品成分資料庫,100,357.8,7.9,74.5,3.7,穀物類；每100g；食藥署標示值,9,1.6
胚芽秈米(台中秈10號),食藥署台灣食品成分資料庫,100,357.1,8.3,76.1,2.1,穀物類；每100g；食藥署標示值,9,0.9
胚芽稉米平均值,食藥署台灣食品成分資料庫,100,358.5,8.2,76.8,1.6,穀物類；每100g；食藥署標示值,8,0.6
胚芽稉米(台稉10號）,食藥署台灣食品成分資料庫,100,356.6,7.3,77.2,1.7,穀物類；每100g；食藥署標示值,8,0.6
胚芽稉米(台稉9號),食藥署台灣食品成分資料庫,100,360.4,9.1,76.5,1.5,穀物類；每100g；食藥署標示值,8,0.5
發芽稉米平均值,食藥署台灣食品成分資料庫,100,347.9,7.8,74.0,2.3,穀物類；每100g；食藥署標示值,29,0.9
發芽稉米(台稉71號),食藥署台灣食品成分資料庫,100,349.7,7.4,73.9,2.8,穀物類；每100g；食藥署標示值,31,0.8
發芽稉米(台稉9號）,食藥署台灣食品成分資料庫,100,346.0,8.2,74.1,1.9,穀物類；每100g；食藥署標示值,28,1
糙秈米,食藥署台灣食品成分資料庫,100,351.8,7.3,73.6,3.2,穀物類；每100g；食藥署標示值,14,0.9
糙稉米平均值,食藥署台灣食品成分資料庫,100,354.7,7.4,76.6,2.3,穀物類；每100g；食藥署標示值,13,1
糙稉米(台稉71號),食藥署台灣食品成分資料庫,100,352.9,9.0,73.6,2.6,穀物類；每100g；食藥署標示值,9,1.5
糙稉米(台稉9號),食藥署台灣食品成分資料庫,100,354.7,7.4,76.6,2.3,穀物類；每100g；食藥署標示值,13,1
糙稉米(台中194),食藥署台灣食品成分資料庫,100,356.6,6.6,76.4,3.1,穀物類；每100g；食藥署標示值,,
黑秈糙米,食藥署台灣食品成分資料庫,100,353.8,7.5,74.0,3.5,穀物類；每100g；食藥署標示值,10,1.1
加鈣米,食藥署台灣食品成分資料庫,100,353.7,7.4,77.7,0.7,穀物類；每100g；食藥署標示值,170,0.5
高纖米,食藥署台灣食品成分資料庫,100,356.7,8.3,75.2,2.5,穀物類；每100g；食藥署標示值,4,1.5
五穀米,食藥署台灣食品成分資料庫,100,348.0,8.7,72.9,2.9,穀物類；每100g；食藥署標示值,19,1.6
米胚芽,食藥署台灣食品成分資料庫,100,359.8,17.0,52.9,12.7,穀物類；每100g；食藥署標示值,43,7.2
秈米粉,食藥署台灣食品成分資料庫,100,362.2,4.2,83.4,0.4,穀物類；每100g；食藥署標示值,12,0.5
糙米粉,食藥署台灣食品成分資料庫,100,386.0,11.3,78.1,3.2,穀物類；每100g；食藥署標示值,11,1
白糯米粉,食藥署台灣食品成分資料庫,100,358.6,4.5,82.3,0.4,穀物類；每100g；食藥署標示值,18,0.7
白飯,食藥署台灣食品成分資料庫,100,182.0,3.1,41.0,0.2,穀物類；每100g；食藥署標示值,1,0.2
高梁,食藥署台灣食品成分資料庫,100,360.8,11.0,73.6,3.0,穀物類；每100g；食藥署標示值,7,2.2
糯高梁,食藥署台灣食品成分資料庫,100,356.9,10.7,75.7,1.0,穀物類；每100g；食藥署標示值,8,1.3
黑麥片,食藥署台灣食品成分資料庫,100,336.4,7.8,77.3,1.2,穀物類；每100g；食藥署標示值,16,4
燕麥,食藥署台灣食品成分資料庫,100,387.9,10.9,67.4,10.2,穀物類；每100g；食藥署標示值,25,3.8
燕麥片,食藥署台灣食品成分資料庫,100,383.4,12.3,64.1,9.7,穀物類；每100g；食藥署標示值,40,2.3
即食燕麥片,食藥署台灣食品成分資料庫,100,383.9,11.9,67.9,9.6,穀物類；每100g；食藥署標示值,30,4.4
蕎麥(甜蕎),食藥署台灣食品成分資料庫,100,353.4,11.0,71.3,2.9,穀物類；每100g；食藥署標示值,13,2.9
蕎麥(甜蕎)(2025年取樣),食藥署台灣食品成分資料庫,100,348.1,11.4,70.6,2.8,穀物類；每100g；食藥署標示值,13,2.9
薏仁,食藥署台灣食品成分資料庫,100,374.7,14.1,66.2,6.0,穀物類；每100g；食藥署標示值,19,2.7
薏仁(2025年取樣),食藥署台灣食品成分資料庫,100,381.2,15.0,66.5,7.1,穀物類；每100g；食藥署標示值,19,2.7
糙薏仁,食藥署台灣食品成分資料庫,100,378.9,13.7,65.9,7.4,穀物類；每100g；食藥署標示值,11,4.4
薏仁粉,食藥署台灣食品成分資料庫,100,388.8,10.9,80.0,3.5,穀物類；每100g；食藥署標示值,14,2.5
紅藜麥,食藥署台灣食品成分資料庫,100,361.3,12.1,66.8,6.7,穀物類；每100g；食藥署標示值,31,4.6
台灣藜(紅)(帶殼),食藥署台灣食品成分資料庫,100,346.4,14.9,62.3,8.4,穀物類；每100g；食藥署標示值,251,9.4
淮山,食藥署台灣食品成分資料庫,100,351.3,5.3,82.4,0.3,澱粉類；每100g；食藥署標示值,37,2.5
山藥平均值,食藥署台灣食品成分資料庫,100,82.7,2.8,17.8,0.1,澱粉類；每100g；食藥署標示值,17,0.8
山藥(二刺),食藥署台灣食品成分資料庫,100,85.8,2.7,18.9,0.1,澱粉類；每100g；食藥署標示值,3,0.7
山藥(大汕1號),食藥署台灣食品成分資料庫,100,77.9,2.4,17.0,0.1,澱粉類；每100g；食藥署標示值,3,1
山藥(大汕3號),食藥署台灣食品成分資料庫,100,69.8,2.6,15.0,0.1,澱粉類；每100g；食藥署標示值,1,0.9
山藥(大刺),食藥署台灣食品成分資料庫,100,82.1,3.5,17.1,0.1,澱粉類；每100g；食藥署標示值,8,1.1
山藥(中國長品),食藥署台灣食品成分資料庫,100,73.3,2.5,15.5,0.1,澱粉類；每100g；食藥署標示值,3,0.8
山藥(台農1號),食藥署台灣食品成分資料庫,100,90.8,2.6,19.9,0.1,澱粉類；每100g；食藥署標示值,5,0.7
山藥(台農2號),食藥署台灣食品成分資料庫,100,93.7,3.2,19.9,0.1,澱粉類；每100g；食藥署標示值,12,1
山藥(白皮削),食藥署台灣食品成分資料庫,100,72.1,2.5,15.7,0.1,澱粉類；每100g；食藥署標示值,1,0.8
山藥(尖石原生種),食藥署台灣食品成分資料庫,100,62.0,3.1,12.4,0.1,澱粉類；每100g；食藥署標示值,2,0.6
山藥(宜蘭原生種),食藥署台灣食品成分資料庫,100,135.4,4.8,29.1,0.2,澱粉類；每100g；食藥署標示值,19,0.7
山藥(花蓮3號),食藥署台灣食品成分資料庫,100,90.3,1.7,20.9,0.1,澱粉類；每100g；食藥署標示值,16,1
山藥(青森),食藥署台灣食品成分資料庫,100,89.2,2.6,19.9,0.2,澱粉類；每100g；食藥署標示值,14,0.7
山藥(高田),食藥署台灣食品成分資料庫,100,68.6,3.1,14.0,0.1,澱粉類；每100g；食藥署標示值,1,0.8
山藥(白肉),食藥署台灣食品成分資料庫,100,66.5,2.1,14.4,0.1,澱粉類；每100g；食藥署標示值,146,0.4
紫山藥,食藥署台灣食品成分資料庫,100,90.0,2.8,19.6,0.1,澱粉類；每100g；食藥署標示值,2,0.7
木薯粉,食藥署台灣食品成分資料庫,100,361.3,0.1,87.3,0.2,澱粉類；每100g；食藥署標示值,32,0.3
白皮甘藷,食藥署台灣食品成分資料庫,100,113.2,1.3,27.5,0.1,澱粉類；每100g；食藥署標示值,17,0.3
菱角牛奶甘藷,食藥署台灣食品成分資料庫,100,129.7,1.9,29.9,0.3,澱粉類；每100g；食藥署標示值,17,0.6
芋心甘藷,食藥署台灣食品成分資料庫,100,116.3,1.1,28.5,0.1,澱粉類；每100g；食藥署標示值,33,1.1
紅肉甘藷,食藥署台灣食品成分資料庫,100,108.6,1.8,25.4,0.2,澱粉類；每100g；食藥署標示值,25,0.5
金時甘藷,食藥署台灣食品成分資料庫,100,133.7,1.6,31.3,0.4,澱粉類；每100g；食藥署標示值,39,0.5
黃肉甘藷,食藥署台灣食品成分資料庫,100,115.3,1.3,27.8,0.2,澱粉類；每100g；食藥署標示值,46,0.3
甘藷粉,食藥署台灣食品成分資料庫,100,356.5,1.0,85.5,0.2,澱粉類；每100g；食藥署標示值,49,1.4
油炸脫水甘藷,食藥署台灣食品成分資料庫,100,474.9,2.3,61.2,30.1,澱粉類；每100g；食藥署標示值,158,1.6
芋頭,食藥署台灣食品成分資料庫,100,122.9,2.5,26.4,1.1,澱粉類；每100g；食藥署標示值,28,0.9
小芋頭(山芋),食藥署台灣食品成分資料庫,100,106.7,2.3,22.8,1.2,澱粉類；每100g；食藥署標示值,22,1.1
檳榔心芋,食藥署台灣食品成分資料庫,100,115.4,1.3,28.1,0.0,澱粉類；每100g；食藥署標示值,28,0.6
檳榔心芋(2021年取樣),食藥署台灣食品成分資料庫,100,103.0,1.1,24.8,0.0,澱粉類；每100g；食藥署標示值,20,0.5
冷凍芋頭塊,食藥署台灣食品成分資料庫,100,135.1,2.2,24.9,4.3,澱粉類；每100g；食藥署標示值,38,1.6
芋頭粉,食藥署台灣食品成分資料庫,100,314.9,0.1,83.1,0.0,澱粉類；每100g；食藥署標示值,9,0
豆薯,食藥署台灣食品成分資料庫,100,28.8,0.7,6.8,0.1,澱粉類；每100g；食藥署標示值,12,0.1
紅馬鈴薯(粉紅珍珠馬鈴薯),食藥署台灣食品成分資料庫,100,63.0,1.6,14.4,0.0,澱粉類；每100g；食藥署標示值,7,0.5
馬鈴薯,食藥署台灣食品成分資料庫,100,74.2,2.6,15.8,0.2,澱粉類；每100g；食藥署標示值,4,0.6
馬鈴薯(2022年取樣),食藥署台灣食品成分資料庫,100,67.9,2.3,14.9,0.0,澱粉類；每100g；食藥署標示值,10,0.6
小馬鈴薯(珍珠馬鈴薯),食藥署台灣食品成分資料庫,100,57.0,1.7,12.8,0.0,澱粉類；每100g；食藥署標示值,4,0
馬鈴薯粉,食藥署台灣食品成分資料庫,100,345.8,0.1,83.8,0.1,澱粉類；每100g；食藥署標示值,39,0.3
荸薺,食藥署台灣食品成分資料庫,100,62.8,1.7,14.5,0.1,澱粉類；每100g；食藥署標示值,3,0.5
荸薺(2025年取樣),食藥署台灣食品成分資料庫,100,44.9,1.2,10.1,0.2,澱粉類；每100g；食藥署標示值,3,0.5
荸薺粉,食藥署台灣食品成分資料庫,100,363.8,0.4,87.8,0.2,澱粉類；每100g；食藥署標示值,11,1.5
蓮藕,食藥署台灣食品成分資料庫,100,58.2,2.0,13.5,0.2,澱粉類；每100g；食藥署標示值,24,0.5
熟蓮藕,食藥署台灣食品成分資料庫,100,47.2,1.1,11.0,0.1,澱粉類；每100g；食藥署標示值,13,0.4
熟蓮藕切片(水煮),食藥署台灣食品成分資料庫,100,65.9,0.8,16.9,0.0,澱粉類；每100g；食藥署標示值,20,0.2
蓮藕粉,食藥署台灣食品成分資料庫,100,364.2,0.1,88.3,0.1,澱粉類；每100g；食藥署標示值,44,0.8
菱角(生),食藥署台灣食品成分資料庫,100,72.4,1.9,16.1,0.3,澱粉類；每100g；食藥署標示值,19,5.9
菱角仁(生),食藥署台灣食品成分資料庫,100,113.5,4.1,24.1,0.3,澱粉類；每100g；食藥署標示值,23,1.1
菱角(熟),食藥署台灣食品成分資料庫,100,139.8,4.2,31.0,0.2,澱粉類；每100g；食藥署標示值,11,1.3
蒟蒻粉,食藥署台灣食品成分資料庫,100,336.6,0.2,87.2,0.2,澱粉類；每100g；食藥署標示值,291,0.6
甘扁桃仁片(生),食藥署台灣食品成分資料庫,100,550.4,27.3,17.0,47.8,堅果及種子類；每100g；食藥署標示值,273,3.1
甘扁桃仁片(熟),食藥署台灣食品成分資料庫,100,588.1,23.4,14.8,56.9,堅果及種子類；每100g；食藥署標示值,262,3.6
甘扁桃仁(熟),食藥署台灣食品成分資料庫,100,567.5,21.9,23.2,49.8,堅果及種子類；每100g；食藥署標示值,253,3.6
松子仁(生),食藥署台灣食品成分資料庫,100,669.1,16.6,9.4,69.5,堅果及種子類；每100g；食藥署標示值,15,5.3
原味松子仁,食藥署台灣食品成分資料庫,100,668.1,14.5,13.0,69.0,堅果及種子類；每100g；食藥署標示值,13,5.3
原味夏威夷豆,食藥署台灣食品成分資料庫,100,686.9,7.5,18.2,71.6,堅果及種子類；每100g；食藥署標示值,58,2
生核桃,食藥署台灣食品成分資料庫,100,654.6,15.4,11.2,67.9,堅果及種子類；每100g；食藥署標示值,99,2.7
栗子(生),食藥署台灣食品成分資料庫,100,173.0,3.5,41.5,0.6,堅果及種子類；每100g；食藥署標示值,39,1.2
栗子仁(生),食藥署台灣食品成分資料庫,100,158.5,3.7,38.7,0.7,堅果及種子類；每100g；食藥署標示值,25,1.1
開心果,食藥署台灣食品成分資料庫,100,572.7,22.4,20.1,52.7,堅果及種子類；每100g；食藥署標示值,107,3.3
腰果(生),食藥署台灣食品成分資料庫,100,560.7,18.3,30.3,45.5,堅果及種子類；每100g；食藥署標示值,45,6.6
原味腰果,食藥署台灣食品成分資料庫,100,555.8,16.4,35.2,43.7,堅果及種子類；每100g；食藥署標示值,40,5.7
原味榛果,食藥署台灣食品成分資料庫,100,655.1,13.0,17.2,66.5,堅果及種子類；每100g；食藥署標示值,182,3.8
山粉圓,食藥署台灣食品成分資料庫,100,279.8,16.3,58.0,12.8,堅果及種子類；每100g；食藥署標示值,1073,10.1
亞麻仁籽,食藥署台灣食品成分資料庫,100,476.3,20.8,28.1,40.3,堅果及種子類；每100g；食藥署標示值,253,6.7
亞麻仁籽粉,食藥署台灣食品成分資料庫,100,506.4,21.7,28.6,43.6,堅果及種子類；每100g；食藥署標示值,328,6.7
咖啡豆(曼特寧),食藥署台灣食品成分資料庫,100,337.2,13.9,65.1,14.9,堅果及種子類；每100g；食藥署標示值,106,4.3
奇亞子,食藥署台灣食品成分資料庫,100,421.7,21.7,34.8,31.8,堅果及種子類；每100g；食藥署標示值,831,6.6
白芝麻(生),食藥署台灣食品成分資料庫,100,576.3,22.3,15.0,54.9,堅果及種子類；每100g；食藥署標示值,64,6.8
黑芝麻(生),食藥署台灣食品成分資料庫,100,518.9,22.2,17.6,48.1,堅果及種子類；每100g；食藥署標示值,1354,22.3
黑芝麻(生)(2025取樣),食藥署台灣食品成分資料庫,100,522.4,19.1,20.4,49.4,堅果及種子類；每100g；食藥署標示值,1354,22.3
白芝麻(熟),食藥署台灣食品成分資料庫,100,603.4,20.3,15.7,58.7,堅果及種子類；每100g；食藥署標示值,76,6.3
白芝麻(熟)2022年取樣),食藥署台灣食品成分資料庫,100,579.8,21.7,21.2,52.4,堅果及種子類；每100g；食藥署標示值,318,7.4
黑芝麻(熟),食藥署台灣食品成分資料庫,100,570.6,17.3,20.6,54.4,堅果及種子類；每100g；食藥署標示值,1479,10.3
黑芝麻(熟)(2022年取樣),食藥署台灣食品成分資料庫,100,560.8,20.7,21.1,51.8,堅果及種子類；每100g；食藥署標示值,1251,9
黑芝麻粉,食藥署台灣食品成分資料庫,100,575.9,15.7,20.8,55.2,堅果及種子類；每100g；食藥署標示值,1449,8.6
帶殼花生(生),食藥署台灣食品成分資料庫,100,314.0,15.3,12.2,27.2,堅果及種子類；每100g；食藥署標示值,43,2
冷凍帶殼花生(熟),食藥署台灣食品成分資料庫,100,343.5,17.2,13.3,27.4,堅果及種子類；每100g；食藥署標示值,52,1.4
黑金剛花生(生),食藥署台灣食品成分資料庫,100,538.4,27.6,16.6,46.6,堅果及種子類；每100g；食藥署標示值,70,2.8
帶膜花生仁(生)(1995年之前取樣),食藥署台灣食品成分資料庫,100,478.0,28.8,20.6,38.5,堅果及種子類；每100g；食藥署標示值,36,3.5
去膜花生仁(生),食藥署台灣食品成分資料庫,100,543.9,28.8,19.1,45.4,堅果及種子類；每100g；食藥署標示值,50,2.2
帶膜花生仁(生)(2004年取樣),食藥署台灣食品成分資料庫,100,500.1,23.6,28.4,38.1,堅果及種子類；每100g；食藥署標示值,91,3.5
紅土帶殼花生(熟),食藥署台灣食品成分資料庫,100,539.5,31.2,19.5,43.9,堅果及種子類；每100g；食藥署標示值,81,18
花生粉,食藥署台灣食品成分資料庫,100,505.5,28.5,33.0,33.8,堅果及種子類；每100g；食藥署標示值,115,6.8
芡實,食藥署台灣食品成分資料庫,100,336.1,9.9,75.4,0.1,堅果及種子類；每100g；食藥署標示值,7,1.2
愛玉子,食藥署台灣食品成分資料庫,100,299.8,12.2,63.7,12.5,堅果及種子類；每100g；食藥署標示值,714,8.2
原味葵瓜子(去殼),食藥署台灣食品成分資料庫,100,569.1,22.0,18.7,51.9,堅果及種子類；每100g；食藥署標示值,90,6
銀杏果,食藥署台灣食品成分資料庫,100,135.5,4.1,28.9,1.2,堅果及種子類；每100g；食藥署標示值,11,0.5
蓮子,食藥署台灣食品成分資料庫,100,124.4,9.3,25.6,0.5,堅果及種子類；每100g；食藥署標示值,69,5.1
蓮子(乾),食藥署台灣食品成分資料庫,100,306.8,21.8,60.9,1.2,堅果及種子類；每100g；食藥署標示值,129,2.2
山竹,食藥署台灣食品成分資料庫,100,66.8,0.6,18.1,0.3,水果類；每100g；食藥署標示值,11,0.1
木瓜平均值,食藥署台灣食品成分資料庫,100,36.0,0.6,9.9,0.1,水果類；每100g；食藥署標示值,23,0.3
木瓜(2月取樣),食藥署台灣食品成分資料庫,100,28.6,0.7,7.7,0.1,水果類；每100g；食藥署標示值,16,0.4
木瓜(5月取樣),食藥署台灣食品成分資料庫,100,41.4,0.7,11.3,0.1,水果類；每100g；食藥署標示值,39,0.1
木瓜(8月取樣),食藥署台灣食品成分資料庫,100,31.3,0.5,8.8,0.0,水果類；每100g；食藥署標示值,22,0.1
木瓜(11月取樣),食藥署台灣食品成分資料庫,100,42.5,0.4,11.8,0.1,水果類；每100g；食藥署標示值,13,0.5
青木瓜,食藥署台灣食品成分資料庫,100,24.7,0.6,7.2,0.1,水果類；每100g；食藥署標示值,31,0.2
安石榴,食藥署台灣食品成分資料庫,100,59.9,1.7,16.8,0.1,水果類；每100g；食藥署標示值,15,0.4
百香果(台農一號),食藥署台灣食品成分資料庫,100,94.4,2.0,21.3,2.2,水果類；每100g；食藥署標示值,8,0.7
百香果汁,食藥署台灣食品成分資料庫,100,72.6,0.9,18.6,0.4,水果類；每100g；食藥署標示值,5,0.6
金黃奇異果,食藥署台灣食品成分資料庫,100,56.7,0.8,15.0,0.3,水果類；每100g；食藥署標示值,22,0.2
奇異果,食藥署台灣食品成分資料庫,100,51.9,1.1,14.0,0.3,水果類；每100g；食藥署標示值,28,0.3
紅毛丹,食藥署台灣食品成分資料庫,100,70.9,1.0,17.9,0.7,水果類；每100g；食藥署標示值,16,0.5
紅龍果(白肉),食藥署台灣食品成分資料庫,100,48.8,0.9,12.4,0.4,水果類；每100g；食藥署標示值,4,0.4
紅龍果(紅肉),食藥署台灣食品成分資料庫,100,48.0,1.1,12.3,0.2,水果類；每100g；食藥署標示值,9,0.8
北蕉平均值,食藥署台灣食品成分資料庫,100,82.4,1.5,22.1,0.1,水果類；每100g；食藥署標示值,5,0.4
北蕉(2月取樣),食藥署台灣食品成分資料庫,100,90.1,1.3,24.6,0.0,水果類；每100g；食藥署標示值,3,0.5
北蕉(5月取樣),食藥署台灣食品成分資料庫,100,88.9,1.6,23.7,0.2,水果類；每100g；食藥署標示值,3,0.2
北蕉(9月取樣),食藥署台灣食品成分資料庫,100,62.8,1.3,16.6,0.0,水果類；每100g；食藥署標示值,10,0.2
北蕉(11月取樣),食藥署台灣食品成分資料庫,100,87.8,1.6,23.4,0.1,水果類；每100g；食藥署標示值,3,0.6
"北蕉(0天,綠皮)",食藥署台灣食品成分資料庫,100,87.3,1.3,23.3,0.3,水果類；每100g；食藥署標示值,4,0.4
北蕉(1天),食藥署台灣食品成分資料庫,100,84.4,1.4,22.2,0.3,水果類；每100g；食藥署標示值,4,0.4
北蕉(3天),食藥署台灣食品成分資料庫,100,80.9,1.4,21.3,0.3,水果類；每100g；食藥署標示值,4,0.3
北蕉(7天),食藥署台灣食品成分資料庫,100,65.3,1.3,17.1,0.2,水果類；每100g；食藥署標示值,5,0.3
李林蕉(2007年取樣),食藥署台灣食品成分資料庫,100,98.0,1.4,26.3,0.3,水果類；每100g；食藥署標示值,21,0.3
李林蕉(2012年取樣),食藥署台灣食品成分資料庫,100,105.4,1.5,29.2,0.1,水果類；每100g；食藥署標示值,17,0.4
南華蕉,食藥署台灣食品成分資料庫,100,119.4,1.1,33.2,0.1,水果類；每100g；食藥署標示值,7,0.2
紅皮蕉(2004年取樣),食藥署台灣食品成分資料庫,100,89.6,1.3,24.0,0.3,水果類；每100g；食藥署標示值,8,0
紅皮蕉(2012年取樣),食藥署台灣食品成分資料庫,100,93.4,1.3,25.5,0.2,水果類；每100g；食藥署標示值,10,0.4
蛋蕉(2023年取樣),食藥署台灣食品成分資料庫,100,85.7,1.1,23.3,0.0,水果類；每100g；食藥署標示值,3,0.3
酪梨(綠皮),食藥署台灣食品成分資料庫,100,59.5,1.6,7.9,3.7,水果類；每100g；食藥署標示值,6,0.3
酪梨(室溫存放0天),食藥署台灣食品成分資料庫,100,73.3,1.5,7.1,5.9,水果類；每100g；食藥署標示值,3,0
酪梨(室溫存放3天),食藥署台灣食品成分資料庫,100,79.8,1.4,6.3,6.8,水果類；每100g；食藥署標示值,3,0
酪梨(室溫存放6天),食藥署台灣食品成分資料庫,100,83.0,1.5,6.6,7.6,水果類；每100g；食藥署標示值,4,0
榴槤,食藥署台灣食品成分資料庫,100,126.6,2.7,29.7,1.9,水果類；每100g；食藥署標示值,23,0.3
開英種1號鳳梨,食藥署台灣食品成分資料庫,100,54.6,0.6,14.5,0.2,水果類；每100g；食藥署標示值,4,0.3
鳳梨平均值(雜交種),食藥署台灣食品成分資料庫,100,51.0,0.7,13.6,0.1,水果類；每100g；食藥署標示值,10,0.3
甘蔗鳳梨,食藥署台灣食品成分資料庫,100,55.1,0.7,15.1,0.1,水果類；每100g；食藥署標示值,9,0.4
甜蜜蜜鳳梨,食藥署台灣食品成分資料庫,100,40.8,1.0,10.6,0.1,水果類；每100g；食藥署標示值,17,0.4
金鑽鳳梨,食藥署台灣食品成分資料庫,100,48.7,0.5,13.2,0.1,水果類；每100g；食藥署標示值,5,0.1
牛奶鳳梨,食藥署台灣食品成分資料庫,100,59.3,0.8,15.4,0.3,水果類；每100g；食藥署標示值,11,0.4
釋迦,食藥署台灣食品成分資料庫,100,99.9,2.2,26.6,0.1,水果類；每100g；食藥署標示值,18,0.3
鳳梨釋迦,食藥署台灣食品成分資料庫,100,99.4,1.5,26.0,0.4,水果類；每100g；食藥署標示值,15,0.5
桑葚,食藥署台灣食品成分資料庫,100,30.0,1.1,7.0,0.4,水果類；每100g；食藥署標示值,41,0.4
桑葚汁,食藥署台灣食品成分資料庫,100,24.5,0.8,5.9,0.2,水果類；每100g；食藥署標示值,27,0
草莓,食藥署台灣食品成分資料庫,100,35.9,1.0,9.3,0.2,水果類；每100g；食藥署標示值,16,0.3
土芭樂,食藥署台灣食品成分資料庫,100,31.2,0.7,10.0,0.1,水果類；每100g；食藥署標示值,4,0.1
芭樂平均值(白肉),食藥署台灣食品成分資料庫,100,34.4,0.7,10.2,0.1,水果類；每100g；食藥署標示值,8,0.1
番石榴(珍珠拔)(有機),食藥署台灣食品成分資料庫,100,33.8,0.6,10.4,0.1,水果類；每100g；食藥署標示值,4,0.1
世紀芭樂,食藥署台灣食品成分資料庫,100,34.2,0.7,10.3,0.1,水果類；每100g；食藥署標示值,15,0.2
珍珠芭樂,食藥署台灣食品成分資料庫,100,36.1,0.7,10.6,0.2,水果類；每100g；食藥署標示值,7,0.1
泰國芭樂,食藥署台灣食品成分資料庫,100,33.6,0.8,9.7,0.1,水果類；每100g；食藥署標示值,4,0.1
無子芭樂,食藥署台灣食品成分資料庫,100,28.7,0.7,8.6,0.0,水果類；每100g；食藥署標示值,4,0
紅心芭樂,食藥署台灣食品成分資料庫,100,35.7,0.8,10.7,0.1,水果類；每100g；食藥署標示值,5,0.2
楊桃平均值,食藥署台灣食品成分資料庫,100,30.0,0.5,8.2,0.1,水果類；每100g；食藥署標示值,2,0.2
楊桃(2月取樣),食藥署台灣食品成分資料庫,100,27.0,0.4,7.6,0.1,水果類；每100g；食藥署標示值,2,0.2
楊桃(4月取樣),食藥署台灣食品成分資料庫,100,29.7,0.7,8.1,0.1,水果類；每100g；食藥署標示值,3,0.1
楊桃(5月取樣),食藥署台灣食品成分資料庫,100,32.9,0.6,8.7,0.1,水果類；每100g；食藥署標示值,2,0
楊桃(9月取樣),食藥署台灣食品成分資料庫,100,31.2,0.5,8.8,0.0,水果類；每100g；食藥署標示值,1,0.2
楊桃(11月取樣),食藥署台灣食品成分資料庫,100,29.2,0.4,8.0,0.0,水果類；每100g；食藥署標示值,1,0.3
美國紅葡萄,食藥署台灣食品成分資料庫,100,67.8,0.4,17.7,0.4,水果類；每100g；食藥署標示值,5,0.2
巨峰葡萄,食藥署台灣食品成分資料庫,100,63.2,0.5,16.6,0.3,水果類；每100g；食藥署標示值,5,0.1
綠葡萄平均值,食藥署台灣食品成分資料庫,100,57.3,0.5,15.3,0.2,水果類；每100g；食藥署標示值,3,0.2
美國綠葡萄,食藥署台灣食品成分資料庫,100,63.3,0.5,16.8,0.2,水果類；每100g；食藥署標示值,4,0.3
意大利葡萄,食藥署台灣食品成分資料庫,100,51.3,0.5,13.7,0.1,水果類；每100g；食藥署標示值,2,0.2
美國紅葡萄(含皮),食藥署台灣食品成分資料庫,100,60.0,0.4,16.3,0.1,水果類；每100g；食藥署標示值,7,0.7
美國紫葡萄(含皮),食藥署台灣食品成分資料庫,100,79.2,0.4,21.9,0.0,水果類；每100g；食藥署標示值,7,0.8
美國黑葡萄(含皮),食藥署台灣食品成分資料庫,100,61.4,0.6,16.4,0.2,水果類；每100g；食藥署標示值,9,0.6
美國綠葡萄(含皮),食藥署台灣食品成分資料庫,100,85.6,0.6,22.7,0.4,水果類；每100g；食藥署標示值,10,0.3
無子紅葡萄(含皮),食藥署台灣食品成分資料庫,100,70.7,0.5,19.2,0.1,水果類；每100g；食藥署標示值,12,0.3
黑美人葡萄(含皮),食藥署台灣食品成分資料庫,100,64.7,0.5,17.4,0.1,水果類；每100g；食藥署標示值,8,0
金香葡萄(含皮),食藥署台灣食品成分資料庫,100,59.3,0.6,16.0,0.1,水果類；每100g；食藥署標示值,7,0.4
葡萄乾,食藥署台灣食品成分資料庫,100,296.6,3.2,78.7,1.5,水果類；每100g；食藥署標示值,55,1.5
蓮霧平均值(粉紅色種),食藥署台灣食品成分資料庫,100,38.1,0.4,10.0,0.3,水果類；每100g；食藥署標示值,3,0.1
蓮霧(紅寶石),食藥署台灣食品成分資料庫,100,31.8,0.3,8.1,0.3,水果類；每100g；食藥署標示值,2,0.1
蓮霧(黑金剛),食藥署台灣食品成分資料庫,100,32.4,0.5,8.8,0.1,水果類；每100g；食藥署標示值,4,0
蓮霧(黑珍珠),食藥署台灣食品成分資料庫,100,50.2,0.3,13.0,0.4,水果類；每100g；食藥署標示值,2,0
華寶大西瓜(花蓮),食藥署台灣食品成分資料庫,100,32.0,0.7,8.4,0.1,水果類；每100g；食藥署標示值,17,0.3
西瓜平均值(紅肉小瓜),食藥署台灣食品成分資料庫,100,32.0,0.8,8.0,0.1,水果類；每100g；食藥署標示值,7,0.2
皇宮西瓜,食藥署台灣食品成分資料庫,100,32.0,0.7,8.1,0.1,水果類；每100g；食藥署標示值,7,0.2
紅鈴西瓜,食藥署台灣食品成分資料庫,100,33.5,0.8,8.5,0.1,水果類；每100g；食藥署標示值,6,0.2
黑美人西瓜,食藥署台灣食品成分資料庫,100,36.0,0.9,9.1,0.1,水果類；每100g；食藥署標示值,11,0.2
鳳光西瓜,食藥署台灣食品成分資料庫,100,26.7,0.7,6.5,0.2,水果類；每100g；食藥署標示值,4,0.2
無籽西瓜,食藥署台灣食品成分資料庫,100,31.9,0.9,8.2,0.0,水果類；每100g；食藥署標示值,15,0.3
西瓜平均值(黃肉小瓜),食藥署台灣食品成分資料庫,100,28.6,0.7,7.3,0.0,水果類；每100g；食藥署標示值,9,0.2
小玉西瓜,食藥署台灣食品成分資料庫,100,33.9,0.8,8.7,0.1,水果類；每100g；食藥署標示值,5,0.3
金蘭西瓜,食藥署台灣食品成分資料庫,100,23.3,0.6,6.0,0.0,水果類；每100g；食藥署標示值,14,0.2
嘉寶瓜,食藥署台灣食品成分資料庫,100,39.6,0.8,10.0,0.2,水果類；每100g；食藥署標示值,3,0.5
甜瓜平均值(光皮洋香瓜),食藥署台灣食品成分資料庫,100,28.7,0.9,7.2,0.1,水果類；每100g；食藥署標示值,9,0.3
太陽洋香瓜,食藥署台灣食品成分資料庫,100,32.2,1.2,7.8,0.0,水果類；每100g；食藥署標示值,3,0.4
狀元瓜,食藥署台灣食品成分資料庫,100,26.1,0.7,6.6,0.1,水果類；每100g；食藥署標示值,13,0.2
蜜世界洋香瓜,食藥署台灣食品成分資料庫,100,27.6,0.7,7.1,0.1,水果類；每100g；食藥署標示值,10,0.4
甜瓜平均值(東洋系脆瓜),食藥署台灣食品成分資料庫,100,35.8,1.0,8.9,0.2,水果類；每100g；食藥署標示值,8,0.3
美濃瓜,食藥署台灣食品成分資料庫,100,36.1,1.1,8.8,0.2,水果類；每100g；食藥署標示值,10,0.3
黃香瓜,食藥署台灣食品成分資料庫,100,29.5,0.6,7.5,0.2,水果類；每100g；食藥署標示值,7,0.2
嘉玉甜瓜,食藥署台灣食品成分資料庫,100,41.9,1.3,10.4,0.1,水果類；每100g；食藥署標示值,6,0.3
洋香瓜(新世紀),食藥署台灣食品成分資料庫,100,38.1,0.7,10.1,0.0,水果類；每100g；食藥署標示值,10,0.2
新疆哈密瓜,食藥署台灣食品成分資料庫,100,26.7,0.7,6.9,0.1,水果類；每100g；食藥署標示值,15,0.3
洋香瓜(卡蜜拉),食藥署台灣食品成分資料庫,100,36.6,0.6,9.5,0.2,水果類；每100g；食藥署標示值,9,0.2
甜瓜平均值(網紋洋香瓜),食藥署台灣食品成分資料庫,100,36.0,0.9,9.3,0.0,水果類；每100g；食藥署標示值,8,0.5
七股香洋香瓜,食藥署台灣食品成分資料庫,100,39.3,0.6,10.5,0.1,水果類；每100g；食藥署標示值,5,0.7
天香洋香瓜,食藥署台灣食品成分資料庫,100,43.6,0.8,11.6,0.0,水果類；每100g；食藥署標示值,8,0.4
秋香洋香瓜,食藥署台灣食品成分資料庫,100,33.3,1.0,8.4,0.0,水果類；每100g；食藥署標示值,10,0.3
紅寶石洋香瓜,食藥署台灣食品成分資料庫,100,37.8,1.2,9.6,0.0,水果類；每100g；食藥署標示值,11,0.5
香華洋香瓜,食藥署台灣食品成分資料庫,100,29.8,0.7,7.7,0.0,水果類；每100g；食藥署標示值,5,0.6
藍寶石洋香瓜,食藥署台灣食品成分資料庫,100,32.0,1.1,8.2,0.0,水果類；每100g；食藥署標示值,12,0.5
土芒果,食藥署台灣食品成分資料庫,100,52.7,0.6,13.8,0.3,水果類；每100g；食藥署標示值,8,0.4
芒果平均值(西洋種),食藥署台灣食品成分資料庫,100,48.4,0.6,13.0,0.2,水果類；每100g；食藥署標示值,8,0.3
肯特芒果,食藥署台灣食品成分資料庫,100,47.5,0.5,12.7,0.2,水果類；每100g；食藥署標示值,6,0.2
海頓芒果,食藥署台灣食品成分資料庫,100,57.2,0.4,15.7,0.2,水果類；每100g；食藥署標示值,6,0.2
凱特芒果,食藥署台灣食品成分資料庫,100,48.5,1.1,12.5,0.2,水果類；每100g；食藥署標示值,9,1
愛文芒果,食藥署台灣食品成分資料庫,100,40.9,0.4,11.0,0.2,水果類；每100g；食藥署標示值,6,0.1
聖心芒果,食藥署台灣食品成分資料庫,100,48.0,0.5,12.9,0.2,水果類；每100g；食藥署標示值,12,0
黑香芒果,食藥署台灣食品成分資料庫,100,63.9,0.8,16.9,0.3,水果類；每100g；食藥署標示值,12,0.3
芒果平均值(新興種),食藥署台灣食品成分資料庫,100,54.1,0.6,14.4,0.2,水果類；每100g；食藥署標示值,10,0.2
四季芒果,食藥署台灣食品成分資料庫,100,57.2,0.6,15.6,0.2,水果類；每100g；食藥署標示值,8,0.2
玉文芒果,食藥署台灣食品成分資料庫,100,60.7,0.5,16.1,0.3,水果類；每100g；食藥署標示值,8,0.6
金煌芒果,食藥署台灣食品成分資料庫,100,49.4,0.8,13.0,0.2,水果類；每100g；食藥署標示值,6,0.1
金蜜芒果,食藥署台灣食品成分資料庫,100,62.0,0.6,16.3,0.4,水果類；每100g；食藥署標示值,20,0.3
金興芒果,食藥署台灣食品成分資料庫,100,40.0,0.6,10.6,0.1,水果類；每100g；食藥署標示值,7,0
香水芒果,食藥署台灣食品成分資料庫,100,63.0,0.6,17.1,0.2,水果類；每100g；食藥署標示值,10,0.1
蓮花芒果,食藥署台灣食品成分資料庫,100,46.0,0.4,12.2,0.2,水果類；每100g；食藥署標示值,9,0
芒果乾,食藥署台灣食品成分資料庫,100,328.4,0.6,90.0,1.0,水果類；每100g；食藥署標示值,58,2
荔枝平均值,食藥署台灣食品成分資料庫,100,63.6,1.0,16.5,0.2,水果類；每100g；食藥署標示值,4,0.1
玉荷苞荔枝,食藥署台灣食品成分資料庫,100,67.1,1.2,17.3,0.2,水果類；每100g；食藥署標示值,2,0.1
黑葉仔荔枝,食藥署台灣食品成分資料庫,100,60.2,0.9,15.8,0.2,水果類；每100g；食藥署標示值,6,0.2
冷凍荔枝,食藥署台灣食品成分資料庫,100,27.1,0.4,7.2,0.1,水果類；每100g；食藥署標示值,4,0.2
龍眼,食藥署台灣食品成分資料庫,100,69.0,1.1,18.0,0.4,水果類；每100g；食藥署標示值,5,0.4
龍眼乾,食藥署台灣食品成分資料庫,100,271.5,5.1,70.9,0.5,水果類；每100g；食藥署標示值,49,1.3
帶殼龍眼乾,食藥署台灣食品成分資料庫,100,273.6,4.6,72.9,0.1,水果類；每100g；食藥署標示值,30,0.9
李子平均值(青皮黃肉),食藥署台灣食品成分資料庫,100,45.1,0.7,11.7,0.4,水果類；每100g；食藥署標示值,4,0.2
加州青李,食藥署台灣食品成分資料庫,100,44.4,0.6,12.0,0.2,水果類；每100g；食藥署標示值,4,0
翡翠李,食藥署台灣食品成分資料庫,100,45.9,0.7,11.4,0.5,水果類；每100g；食藥署標示值,4,0.4
李子平均值(紅皮紅肉),食藥署台灣食品成分資料庫,100,36.8,0.6,9.6,0.3,水果類；每100g；食藥署標示值,5,0.5
紅肉李(大),食藥署台灣食品成分資料庫,100,38.2,0.5,10.0,0.3,水果類；每100g；食藥署標示值,5,0.2
紅肉李(小),食藥署台灣食品成分資料庫,100,35.4,0.7,9.2,0.3,水果類；每100g；食藥署標示值,5,0.9
李子平均值(紅皮黃肉),食藥署台灣食品成分資料庫,100,45.3,0.7,11.9,0.3,水果類；每100g；食藥署標示值,6,0.2
加州紅李(台灣),食藥署台灣食品成分資料庫,100,42.0,0.3,10.6,0.6,水果類；每100g；食藥署標示值,6,0.3
加州紅李(進口),食藥署台灣食品成分資料庫,100,57.6,0.8,15.3,0.3,水果類；每100g；食藥署標示值,5,0.1
加州蜜李(進口),食藥署台灣食品成分資料庫,100,62.9,1.3,17.1,0.1,水果類；每100g；食藥署標示值,8,0
香水李,食藥署台灣食品成分資料庫,100,35.2,0.7,8.8,0.3,水果類；每100g；食藥署標示值,4,0.7
桃接李(大),食藥署台灣食品成分資料庫,100,35.7,0.6,9.2,0.3,水果類；每100g；食藥署標示值,5,0.2
桃接李(小),食藥署台灣食品成分資料庫,100,32.7,0.7,8.6,0.3,水果類；每100g；食藥署標示值,7,0.1
蜜棗李(進口),食藥署台灣食品成分資料庫,100,50.7,0.6,13.6,0.2,水果類；每100g；食藥署標示值,6,0.2
黃肉李,食藥署台灣食品成分資料庫,100,34.0,0.4,8.9,0.2,水果類；每100g；食藥署標示值,4,0.7
黑李,食藥署台灣食品成分資料庫,100,54.6,0.7,14.7,0.2,水果類；每100g；食藥署標示值,5,0.1
枇杷,食藥署台灣食品成分資料庫,100,36.5,0.3,9.8,0.2,水果類；每100g；食藥署標示值,12,0.2
筆柿,食藥署台灣食品成分資料庫,100,62.8,0.6,18.3,0.1,水果類；每100g；食藥署標示值,7,0.3
甜柿平均值,食藥署台灣食品成分資料庫,100,55.2,0.5,15.2,0.1,水果類；每100g；食藥署標示值,8,0.4
富有甜柿(大雪山),食藥署台灣食品成分資料庫,100,55.0,0.4,15.1,0.1,水果類；每100g；食藥署標示值,8,0.2
甜柿(進口),食藥署台灣食品成分資料庫,100,55.3,0.6,15.3,0.1,水果類；每100g；食藥署標示值,7,0.7
國產甜柿,食藥署台灣食品成分資料庫,100,45.7,0.4,12.7,0.1,水果類；每100g；食藥署標示值,4,0
牛心柿,食藥署台灣食品成分資料庫,100,55.9,0.5,16.5,0.2,水果類；每100g；食藥署標示值,9,0.2
四周柿,食藥署台灣食品成分資料庫,100,58.7,0.5,17.6,0.1,水果類；每100g；食藥署標示值,10,0.3
柿餅,食藥署台灣食品成分資料庫,100,175.5,1.7,52.2,0.2,水果類；每100g；食藥署標示值,23,0.8
水蜜桃平均值,食藥署台灣食品成分資料庫,100,36.8,0.9,9.7,0.2,水果類；每100g；食藥署標示值,5,0.2
水蜜桃,食藥署台灣食品成分資料庫,100,37.6,0.9,9.9,0.1,水果類；每100g；食藥署標示值,5,0.2
甜蜜桃,食藥署台灣食品成分資料庫,100,36.0,0.9,9.6,0.2,水果類；每100g；食藥署標示值,5,0.3
脆桃平均值,食藥署台灣食品成分資料庫,100,40.3,0.9,11.1,0.1,水果類；每100g；食藥署標示值,7,0.4
白油桃,食藥署台灣食品成分資料庫,100,32.6,0.6,9.3,0.1,水果類；每100g；食藥署標示值,5,0.3
玫瑰桃,食藥署台灣食品成分資料庫,100,48.2,1.2,12.8,0.1,水果類；每100g；食藥署標示值,7,0.2
福壽桃,食藥署台灣食品成分資料庫,100,42.3,0.9,11.9,0.2,水果類；每100g；食藥署標示值,9,0.3
鶯哥桃,食藥署台灣食品成分資料庫,100,38.0,1.0,10.5,0.2,水果類；每100g；食藥署標示值,6,0.6
蟠桃,食藥署台灣食品成分資料庫,100,42.6,0.9,11.3,0.2,水果類；每100g；食藥署標示值,13,0.3
青梅(胭脂梅),食藥署台灣食品成分資料庫,100,31.5,0.5,8.8,0.1,水果類；每100g；食藥署標示值,8,0.2
西洋梨平均值,食藥署台灣食品成分資料庫,100,49.4,0.3,14.1,0.2,水果類；每100g；食藥署標示值,9,0.2
西洋梨(青皮),食藥署台灣食品成分資料庫,100,57.7,0.3,16.5,0.2,水果類；每100g；食藥署標示值,8,0.1
西洋梨(紅皮),食藥署台灣食品成分資料庫,100,49.9,0.3,13.9,0.2,水果類；每100g；食藥署標示值,8,0.1
西洋梨(黃皮),食藥署台灣食品成分資料庫,100,40.6,0.2,11.8,0.1,水果類；每100g；食藥署標示值,11,0.3
幸水梨,食藥署台灣食品成分資料庫,100,32.3,0.4,9.0,0.0,水果類；每100g；食藥署標示值,5,0
大雪梨,食藥署台灣食品成分資料庫,100,40.1,0.3,11.1,0.1,水果類；每100g；食藥署標示值,3,0.2
新世紀梨,食藥署台灣食品成分資料庫,100,38.7,0.4,10.7,0.2,水果類；每100g；食藥署標示值,3,0.1
新興梨,食藥署台灣食品成分資料庫,100,41.8,0.2,11.9,0.1,水果類；每100g；食藥署標示值,2,0
橫山梨,食藥署台灣食品成分資料庫,100,43.6,0.4,12.4,0.1,水果類；每100g；食藥署標示值,2,0.1
豐水梨,食藥署台灣食品成分資料庫,100,34.6,0.5,9.4,0.1,水果類；每100g；食藥署標示值,2,0.1
將軍蜜梨,食藥署台灣食品成分資料庫,100,48.3,0.4,13.3,0.1,水果類；每100g；食藥署標示值,12,0.7
梨山蜜梨,食藥署台灣食品成分資料庫,100,44.5,0.3,12.7,0.0,水果類；每100g；食藥署標示值,1,0
蜜棗平均值(大),食藥署台灣食品成分資料庫,100,40.6,1.1,10.7,0.1,水果類；每100g；食藥署標示值,7,0.3
蜜棗(長形),食藥署台灣食品成分資料庫,100,40.1,1.2,10.4,0.2,水果類；每100g；食藥署標示值,6,0.2
蜜棗(圓形),食藥署台灣食品成分資料庫,100,41.1,0.9,11.0,0.1,水果類；每100g；食藥署標示值,8,0.3
珍珠蜜棗,食藥署台灣食品成分資料庫,100,42.3,1.1,11.7,0.0,水果類；每100g；食藥署標示值,8,0.4
國產紅棗,食藥署台灣食品成分資料庫,100,81.0,0.9,23.1,0.1,水果類；每100g；食藥署標示值,30,0.3
紅棗(乾),食藥署台灣食品成分資料庫,100,215.2,3.2,59.5,0.3,水果類；每100g；食藥署標示值,50,1.7
黑棗(乾),食藥署台灣食品成分資料庫,100,212.8,2.7,60.9,0.2,水果類；每100g；食藥署標示值,67,2.4
蘋果平均值(青皮),食藥署台灣食品成分資料庫,100,47.2,0.3,13.1,0.2,水果類；每100g；食藥署標示值,3,0.2
青龍蘋果,食藥署台灣食品成分資料庫,100,51.0,0.3,14.0,0.3,水果類；每100g；食藥署標示值,2,0.2
翠玉青蘋果,食藥署台灣食品成分資料庫,100,43.3,0.3,12.2,0.1,水果類；每100g；食藥署標示值,3,0.2
翠玉青蘋果(帶皮),食藥署台灣食品成分資料庫,100,50.0,0.4,14.1,0.2,水果類；每100g；食藥署標示值,5,0.2
美國五爪蘋果,食藥署台灣食品成分資料庫,100,48.1,0.2,13.8,0.1,水果類；每100g；食藥署標示值,3,0.3
蘋果平均值(混色),食藥署台灣食品成分資料庫,100,49.3,0.2,13.9,0.1,水果類；每100g；食藥署標示值,4,0.1
加拉蘋果,食藥署台灣食品成分資料庫,100,52.7,0.2,15.0,0.1,水果類；每100g；食藥署標示值,5,0
津輕蜜蘋果,食藥署台灣食品成分資料庫,100,54.2,0.2,15.1,0.2,水果類；每100g；食藥署標示值,3,0.3
秋香蘋果,食藥署台灣食品成分資料庫,100,43.4,0.3,12.3,0.0,水果類；每100g；食藥署標示值,2,0
富士蘋果,食藥署台灣食品成分資料庫,100,46.8,0.2,13.1,0.1,水果類；每100g；食藥署標示值,4,0.2
富士蘋果(帶皮),食藥署台灣食品成分資料庫,100,42.2,0.2,11.9,0.1,水果類；每100g；食藥署標示值,6,0.1
金冠蘋果,食藥署台灣食品成分資料庫,100,46.4,0.4,13.0,0.1,水果類；每100g；食藥署標示值,3,0
櫻桃,食藥署台灣食品成分資料庫,100,72.8,1.2,19.1,0.3,水果類；每100g；食藥署標示值,15,0.2
白櫻桃,食藥署台灣食品成分資料庫,100,67.7,0.7,18.4,0.1,水果類；每100g；食藥署標示值,18,0.6
椪柑,食藥署台灣食品成分資料庫,100,37.8,0.8,10.0,0.2,水果類；每100g；食藥署標示值,21,0.3
紅柑,食藥署台灣食品成分資料庫,100,40.2,0.8,10.6,0.1,水果類；每100g；食藥署標示值,18,0.4
茂谷柑,食藥署台灣食品成分資料庫,100,42.3,0.6,11.5,0.1,水果類；每100g；食藥署標示值,24,0.1
海梨桶柑,食藥署台灣食品成分資料庫,100,40.6,0.9,11.0,0.1,水果類；每100g；食藥署標示值,18,0.3
高牆桶柑,食藥署台灣食品成分資料庫,100,42.8,0.8,11.8,0.0,水果類；每100g；食藥署標示值,17,0.2
檸檬柑,食藥署台灣食品成分資料庫,100,45.2,1.1,12.2,0.1,水果類；每100g；食藥署標示值,34,0
砂糖橘,食藥署台灣食品成分資料庫,100,47.1,0.7,12.6,0.3,水果類；每100g；食藥署標示值,51,0.2
長果金柑,食藥署台灣食品成分資料庫,100,50.3,1.0,14.1,0.2,水果類；每100g；食藥署標示值,38,0.4
圓果金柑,食藥署台灣食品成分資料庫,100,28.1,0.7,7.6,0.2,水果類；每100g；食藥署標示值,68,0.3
圓果金柑汁(綠皮),食藥署台灣食品成分資料庫,100,30.2,0.9,8.0,0.1,水果類；每100g；食藥署標示值,37,0.6
文旦,食藥署台灣食品成分資料庫,100,32.1,0.7,8.8,0.1,水果類；每100g；食藥署標示值,8,0.3
文旦(2023年取樣),食藥署台灣食品成分資料庫,100,46.4,0.6,12.7,0.0,水果類；每100g；食藥署標示值,11,0.1
白柚,食藥署台灣食品成分資料庫,100,35.5,0.6,9.6,0.1,水果類；每100g；食藥署標示值,12,0.2
西施蜜柚,食藥署台灣食品成分資料庫,100,38.3,0.8,10.1,0.2,水果類；每100g；食藥署標示值,7,0
甜橙平均值(普遍系),食藥署台灣食品成分資料庫,100,42.5,0.8,11.3,0.2,水果類；每100g；食藥署標示值,35,0.2
柳橙,食藥署台灣食品成分資料庫,100,40.2,0.8,11.0,0.1,水果類；每100g；食藥署標示值,28,0.3
香吉士(進口),食藥署台灣食品成分資料庫,100,43.8,0.7,11.4,0.5,水果類；每100g；食藥署標示值,41,0.1
澳洲甜橙(進口),食藥署台灣食品成分資料庫,100,43.3,0.9,11.6,0.1,水果類；每100g；食藥署標示值,36,0.1
青皮葡萄柚,食藥署台灣食品成分資料庫,100,31.2,0.8,8.3,0.1,水果類；每100g；食藥署標示值,15,0
紅寶石葡萄柚(古坑),食藥署台灣食品成分資料庫,100,35.1,0.7,8.9,0.3,水果類；每100g；食藥署標示值,16,0.2
黃皮葡萄柚(進口),食藥署台灣食品成分資料庫,100,36.1,0.7,9.7,0.1,水果類；每100g；食藥署標示值,16,0.4
黃皮葡萄柚,食藥署台灣食品成分資料庫,100,35.4,0.7,9.2,0.2,水果類；每100g；食藥署標示值,20,0.1
檸檬,食藥署台灣食品成分資料庫,100,31.3,0.7,7.3,0.5,水果類；每100g；食藥署標示值,26,0.2
萊姆,食藥署台灣食品成分資料庫,100,34.7,0.5,7.7,1.0,水果類；每100g；食藥署標示值,23,0.3
檸檬汁平均值,食藥署台灣食品成分資料庫,100,30.4,0.5,7.0,0.4,水果類；每100g；食藥署標示值,11,0
檸檬汁(黃皮),食藥署台灣食品成分資料庫,100,29.8,0.5,7.2,0.3,水果類；每100g；食藥署標示值,11,0
檸檬汁(綠皮),食藥署台灣食品成分資料庫,100,30.9,0.4,6.9,0.6,水果類；每100g；食藥署標示值,12,0.1
萊姆汁,食藥署台灣食品成分資料庫,100,33.7,0.3,8.1,0.5,水果類；每100g；食藥署標示值,11,0.1
紅甘蔗汁,食藥署台灣食品成分資料庫,100,76.1,0.5,20.2,0.2,水果類；每100g；食藥署標示值,23,0.6
"紅甘蔗汁(有機,2023年取樣)",食藥署台灣食品成分資料庫,100,71.9,0.2,18.8,0.4,水果類；每100g；食藥署標示值,20,0
人心果,食藥署台灣食品成分資料庫,100,68.1,0.6,20.5,0.8,水果類；每100g；食藥署標示值,18,0.2
可可椰子汁平均值,食藥署台灣食品成分資料庫,100,17.4,0.1,4.4,0.1,水果類；每100g；食藥署標示值,17,0
可可椰子汁(屏東),食藥署台灣食品成分資料庫,100,15.9,0.1,3.8,0.2,水果類；每100g；食藥署標示值,18,0
可可椰子汁(進口),食藥署台灣食品成分資料庫,100,18.9,0.2,5.0,0.0,水果類；每100g；食藥署標示值,16,0
蛋黃果,食藥署台灣食品成分資料庫,100,95.9,1.4,27.3,0.3,水果類；每100g；食藥署標示值,20,0.6
無花果,食藥署台灣食品成分資料庫,100,63.0,1.2,16.5,0.4,水果類；每100g；食藥署標示值,36,0
無花果乾,食藥署台灣食品成分資料庫,100,306.8,3.6,77.8,4.3,水果類；每100g；食藥署標示值,363,4.5
黃金果,食藥署台灣食品成分資料庫,100,43.0,0.9,11.0,0.2,水果類；每100g；食藥署標示值,3,0
菠蘿蜜,食藥署台灣食品成分資料庫,100,103.4,1.0,28.4,0.2,水果類；每100g；食藥署標示值,18,0
榴槤蜜,食藥署台灣食品成分資料庫,100,118.5,1.6,32.6,0.1,水果類；每100g；食藥署標示值,19,0.5
牛奶果,食藥署台灣食品成分資料庫,100,58.4,0.8,15.8,0.3,水果類；每100g；食藥署標示值,10,0
餘甘子,食藥署台灣食品成分資料庫,100,36.5,0.3,10.8,0.3,水果類；每100g；食藥署標示值,15,0
嘉寶果,食藥署台灣食品成分資料庫,100,57.5,0.3,15.3,0.3,水果類；每100g；食藥署標示值,3,0.1
藍莓(台灣),食藥署台灣食品成分資料庫,100,50.6,0.5,13.6,0.3,水果類；每100g；食藥署標示值,11,0.3
牛蒡,食藥署台灣食品成分資料庫,100,74.8,2.5,19.1,0.4,蔬菜類；每100g；食藥署標示值,46,0.8
胡蘿蔔平均值,食藥署台灣食品成分資料庫,100,33.5,1.1,8.9,0.1,蔬菜類；每100g；食藥署標示值,27,0.3
胡蘿蔔,食藥署台灣食品成分資料庫,100,32.0,1.0,8.5,0.2,蔬菜類；每100g；食藥署標示值,30,0.5
向陽二號胡蘿蔔,食藥署台灣食品成分資料庫,100,39.5,0.6,10.6,0.1,蔬菜類；每100g；食藥署標示值,24,0.2
澳洲胡蘿蔔(細長型),食藥署台灣食品成分資料庫,100,29.1,1.7,7.5,0.1,蔬菜類；每100g；食藥署標示值,26,0.3
黃胡蘿蔔,食藥署台灣食品成分資料庫,100,34.0,1.1,9.4,0.3,蔬菜類；每100g；食藥署標示值,28,0.3
冷凍胡蘿蔔,食藥署台灣食品成分資料庫,100,9.3,0.5,3.0,0.1,蔬菜類；每100g；食藥署標示值,36,0.5
根菾菜根,食藥署台灣食品成分資料庫,100,23.7,1.2,6.0,0.1,蔬菜類；每100g；食藥署標示值,5,0.4
根菾菜根(2023年取樣),食藥署台灣食品成分資料庫,100,32.9,1.2,8.6,0.0,蔬菜類；每100g；食藥署標示值,8,0
白蘿蔔平均值,食藥署台灣食品成分資料庫,100,15.5,0.5,3.9,0.1,蔬菜類；每100g；食藥署標示值,24,0.1
白蘿蔔,食藥署台灣食品成分資料庫,100,13.9,0.7,3.3,0.1,蔬菜類；每100g；食藥署標示值,23,0.3
白蘿蔔(長形),食藥署台灣食品成分資料庫,100,17.1,0.4,4.4,0.1,蔬菜類；每100g；食藥署標示值,26,0
櫻桃蘿蔔,食藥署台灣食品成分資料庫,100,8.8,0.6,2.3,0.0,蔬菜類；每100g；食藥署標示值,22,0.3
青蘿蔔,食藥署台灣食品成分資料庫,100,29.6,1.8,7.0,0.1,蔬菜類；每100g；食藥署標示值,50,0.4
蘿蔔乾,食藥署台灣食品成分資料庫,100,44.2,2.2,10.8,1.2,蔬菜類；每100g；食藥署標示值,92,2.1
百合鱗片,食藥署台灣食品成分資料庫,100,131.5,3.8,32.3,0.1,蔬菜類；每100g；食藥署標示值,11,0.8
乾百合鱗片,食藥署台灣食品成分資料庫,100,254.6,11.8,68.4,0.7,蔬菜類；每100g；食藥署標示值,31,5.2
芋莖,食藥署台灣食品成分資料庫,100,16.9,1.1,3.4,0.5,蔬菜類；每100g；食藥署標示值,33,0.3
金針菜嫩莖,食藥署台灣食品成分資料庫,100,20.1,0.7,5.3,0.2,蔬菜類；每100g；食藥署標示值,10,0.2
草石蠶,食藥署台灣食品成分資料庫,100,70.3,1.7,18.0,0.0,蔬菜類；每100g；食藥署標示值,27,1.1
球莖甘藍,食藥署台灣食品成分資料庫,100,18.3,1.6,3.6,0.2,蔬菜類；每100g；食藥署標示值,23,0.2
孟宗竹筍,食藥署台灣食品成分資料庫,100,36.0,4.0,7.3,0.1,蔬菜類；每100g；食藥署標示值,55,0.5
熟桂竹筍,食藥署台灣食品成分資料庫,100,17.6,2.1,3.5,0.2,蔬菜類；每100g；食藥署標示值,22,0.2
烏殼綠竹筍,食藥署台灣食品成分資料庫,100,18.1,1.8,3.8,0.2,蔬菜類；每100g；食藥署標示值,11,0.3
茭白筍,食藥署台灣食品成分資料庫,100,16.4,1.3,4.0,0.2,蔬菜類；每100g；食藥署標示值,3,0.4
玉米筍,食藥署台灣食品成分資料庫,100,29.4,1.8,7.0,0.2,蔬菜類；每100g；食藥署標示值,9,0.3
麻竹筍,食藥署台灣食品成分資料庫,100,18.9,1.4,4.4,0.1,蔬菜類；每100g；食藥署標示值,10,0.3
冷凍麻竹筍,食藥署台灣食品成分資料庫,100,14.0,0.8,3.8,0.0,蔬菜類；每100g；食藥署標示值,12,0.1
綠竹筍,食藥署台灣食品成分資料庫,100,21.8,1.7,4.7,0.2,蔬菜類；每100g；食藥署標示值,10,0.8
帶殼熟綠竹筍,食藥署台灣食品成分資料庫,100,21.7,2.0,4.9,0.1,蔬菜類；每100g；食藥署標示值,8,0.4
沙拉筍塊,食藥署台灣食品成分資料庫,100,20.5,1.6,4.8,0.1,蔬菜類；每100g；食藥署標示值,9,0.6
熟箭竹筍,食藥署台灣食品成分資料庫,100,15.7,2.1,2.9,0.3,蔬菜類；每100g；食藥署標示值,54,0.5
白蘆筍,食藥署台灣食品成分資料庫,100,21.8,1.8,4.9,0.2,蔬菜類；每100g；食藥署標示值,10,0.7
綠蘆筍平均值,食藥署台灣食品成分資料庫,100,19.6,2.7,3.5,0.2,蔬菜類；每100g；食藥署標示值,14,1.1
綠蘆筍,食藥署台灣食品成分資料庫,100,19.6,1.3,4.5,0.2,蔬菜類；每100g；食藥署標示值,15,1
澳洲綠蘆筍(粗短型),食藥署台灣食品成分資料庫,100,18.2,2.5,3.1,0.2,蔬菜類；每100g；食藥署標示值,14,1.2
綠蘆筍(細短型),食藥署台灣食品成分資料庫,100,20.7,3.3,3.2,0.2,蔬菜類；每100g；食藥署標示值,12,1.3
綠蘆筍(短型),食藥署台灣食品成分資料庫,100,20.0,3.5,3.0,0.1,蔬菜類；每100g；食藥署標示值,,0.8
蘆筍花,食藥署台灣食品成分資料庫,100,17.3,2.9,2.7,0.3,蔬菜類；每100g；食藥署標示值,9,2.5
嫩莖萵苣,食藥署台灣食品成分資料庫,100,14.0,1.0,3.1,0.2,蔬菜類；每100g；食藥署標示值,16,0.3
嫩薑,食藥署台灣食品成分資料庫,100,18.6,0.0,4.8,0.3,蔬菜類；每100g；食藥署標示值,14,0.4
粉薑,食藥署台灣食品成分資料庫,100,23.2,1.0,6.1,0.3,蔬菜類；每100g；食藥署標示值,17,0.7
老薑,食藥署台灣食品成分資料庫,100,46.5,1.1,11.7,0.5,蔬菜類；每100g；食藥署標示值,21,2
檳榔嫩莖,食藥署台灣食品成分資料庫,100,26.5,2.2,5.6,0.4,蔬菜類；每100g；食藥署標示值,35,0.3
大蒜,食藥署台灣食品成分資料庫,100,114.6,6.7,26.4,0.2,蔬菜類；每100g；食藥署標示值,11,1.1
青蒜,食藥署台灣食品成分資料庫,100,26.7,2.1,6.4,0.3,蔬菜類；每100g；食藥署標示值,64,1.1
蒜苗,食藥署台灣食品成分資料庫,100,47.3,2.2,12.0,0.1,蔬菜類；每100g；食藥署標示值,20,0.5
青蔥平均值,食藥署台灣食品成分資料庫,100,26.4,1.3,6.6,0.2,蔬菜類；每100g；食藥署標示值,38,0.6
青蔥(有機),食藥署台灣食品成分資料庫,100,26.3,1.1,6.8,0.2,蔬菜類；每100g；食藥署標示值,38,0.9
山東大蔥,食藥署台灣食品成分資料庫,100,28.1,1.3,6.7,0.1,蔬菜類；每100g；食藥署標示值,32,0.7
日本甜蔥,食藥署台灣食品成分資料庫,100,28.2,1.0,7.6,0.1,蔬菜類；每100g；食藥署標示值,37,0.4
宜蘭粉蔥,食藥署台灣食品成分資料庫,100,23.1,1.6,5.4,0.2,蔬菜類；每100g；食藥署標示值,47,0.4
白洋蔥,食藥署台灣食品成分資料庫,100,39.5,1.0,10.0,0.1,蔬菜類；每100g；食藥署標示值,25,0.4
紫洋蔥,食藥署台灣食品成分資料庫,100,28.7,0.9,7.3,0.1,蔬菜類；每100g；食藥署標示值,21,0.2
黃洋蔥,食藥署台灣食品成分資料庫,100,38.9,1.0,9.5,0.2,蔬菜類；每100g；食藥署標示值,20,0.4
紅蔥頭,食藥署台灣食品成分資料庫,100,70.2,3.4,16.4,0.3,蔬菜類；每100g；食藥署標示值,21,0.7
韮菜花,食藥署台灣食品成分資料庫,100,23.5,1.8,5.6,0.2,蔬菜類；每100g；食藥署標示值,25,0.6
韮菜,食藥署台灣食品成分資料庫,100,18.4,1.9,3.9,0.4,蔬菜類；每100g；食藥署標示值,56,1.4
韮黃,食藥署台灣食品成分資料庫,100,13.1,1.5,2.9,0.1,蔬菜類；每100g；食藥署標示值,19,0.6
九層塔,食藥署台灣食品成分資料庫,100,20.9,2.9,4.4,0.3,蔬菜類；每100g；食藥署標示值,191,4.7
小麥苗,食藥署台灣食品成分資料庫,100,26.6,3.3,5.5,0.5,蔬菜類；每100g；食藥署標示值,58,1.6
水菜(日本種),食藥署台灣食品成分資料庫,100,8.3,1.2,1.6,0.2,蔬菜類；每100g；食藥署標示值,125,1
甘藍平均值,食藥署台灣食品成分資料庫,100,21.1,1.3,4.8,0.1,蔬菜類；每100g；食藥署標示值,47,0.4
梨山甘藍(尖球形),食藥署台灣食品成分資料庫,100,22.1,1.4,5.1,0.1,蔬菜類；每100g；食藥署標示值,36,0.7
甘藍(扁圓形),食藥署台灣食品成分資料庫,100,19.3,1.1,4.3,0.2,蔬菜類；每100g；食藥署標示值,58,0.3
甘藍(圓球形),食藥署台灣食品成分資料庫,100,21.9,1.4,4.9,0.2,蔬菜類；每100g；食藥署標示值,49,0.4
甘藍(圓球形)(2021年取樣),食藥署台灣食品成分資料庫,100,18.2,0.8,4.6,0.0,蔬菜類；每100g；食藥署標示值,47,0.4
紫色甘藍,食藥署台灣食品成分資料庫,100,24.4,1.5,5.9,0.2,蔬菜類；每100g；食藥署標示值,51,0.4
甘藍芽,食藥署台灣食品成分資料庫,100,29.0,2.7,5.4,0.6,蔬菜類；每100g；食藥署標示值,75,1.1
冷凍甘藍,食藥署台灣食品成分資料庫,100,16.2,1.3,4.2,0.1,蔬菜類；每100g；食藥署標示值,49,0.3
羽衣甘藍(有機),食藥署台灣食品成分資料庫,100,27.9,3.0,5.1,0.9,蔬菜類；每100g；食藥署標示值,500,1
脫水甘藍,食藥署台灣食品成分資料庫,100,308.4,6.9,82.6,0.1,蔬菜類；每100g；食藥署標示值,285,2.3
甘藷葉,食藥署台灣食品成分資料庫,100,21.6,3.2,4.4,0.3,蔬菜類；每100g；食藥署標示值,105,2.5
蚵仔白菜(2022年取樣),食藥署台灣食品成分資料庫,100,10.5,1.4,1.8,0.3,蔬菜類；每100g；食藥署標示值,129,0.8
荷葉白菜,食藥署台灣食品成分資料庫,100,12.1,1.4,2.5,0.1,蔬菜類；每100g；食藥署標示值,131,0.7
葵扇白菜,食藥署台灣食品成分資料庫,100,11.2,1.6,2.4,0.1,蔬菜類；每100g；食藥署標示值,119,0.4
黑葉白菜(短梗),食藥署台灣食品成分資料庫,100,12.7,1.3,2.9,0.0,蔬菜類；每100g；食藥署標示值,101,0.7
千寶菜,食藥署台灣食品成分資料庫,100,16.0,1.7,3.6,0.2,蔬菜類；每100g；食藥署標示值,126,2.5
小白菜(土植)(1月取樣),食藥署台灣食品成分資料庫,100,7.9,1.1,1.5,0.2,蔬菜類；每100g；食藥署標示值,99,1.9
小白菜(土植)(3月取樣),食藥署台灣食品成分資料庫,100,11.3,1.2,2.4,0.1,蔬菜類；每100g；食藥署標示值,122,1.5
小白菜(土植)(4月取樣),食藥署台灣食品成分資料庫,100,10.8,1.1,2.2,0.2,蔬菜類；每100g；食藥署標示值,73,1.1
小白菜(土植)(7月取樣),食藥署台灣食品成分資料庫,100,8.5,1.0,1.8,0.1,蔬菜類；每100g；食藥署標示值,99,0.8
小白菜(土植)(10月取樣),食藥署台灣食品成分資料庫,100,9.3,1.1,1.7,0.2,蔬菜類；每100g；食藥署標示值,109,2
小白菜(水耕)(1月取樣),食藥署台灣食品成分資料庫,100,9.9,1.5,2.1,0.1,蔬菜類；每100g；食藥署標示值,67,2.2
小白菜(水耕)(4月取樣),食藥署台灣食品成分資料庫,100,10.8,1.0,2.4,0.2,蔬菜類；每100g；食藥署標示值,66,0.9
小白菜(水耕)(7月取樣),食藥署台灣食品成分資料庫,100,10.0,0.9,2.4,0.1,蔬菜類；每100g；食藥署標示值,91,0.8
小白菜(水耕)(10月取樣),食藥署台灣食品成分資料庫,100,9.7,1.1,1.8,0.3,蔬菜類；每100g；食藥署標示值,86,1.7
小白菜(有機)(1月取樣),食藥署台灣食品成分資料庫,100,6.3,1.8,0.8,0.2,蔬菜類；每100g；食藥署標示值,133,1.2
小白菜(有機)(4月取樣),食藥署台灣食品成分資料庫,100,12.2,1.3,2.4,0.2,蔬菜類；每100g；食藥署標示值,136,1.2
小白菜(有機)(7月取樣),食藥署台灣食品成分資料庫,100,8.4,1.3,1.7,0.1,蔬菜類；每100g；食藥署標示值,127,0.7
小白菜(有機)(10月取樣),食藥署台灣食品成分資料庫,100,10.9,1.3,1.9,0.2,蔬菜類；每100g；食藥署標示值,145,1.8
珍珠小白菜,食藥署台灣食品成分資料庫,100,7.9,1.5,1.7,0.1,蔬菜類；每100g；食藥署標示值,138,0.8
油菜心,食藥署台灣食品成分資料庫,100,26.5,3.2,4.0,0.8,蔬菜類；每100g；食藥署標示值,92,1.8
油菜(有機),食藥署台灣食品成分資料庫,100,10.2,1.3,2.2,0.1,蔬菜類；每100g；食藥署標示值,112,1.3
青江菜(土植)(1月取樣),食藥署台灣食品成分資料庫,100,8.0,1.3,1.6,0.0,蔬菜類；每100g；食藥署標示值,72,1
青江菜(土植)(3月取樣),食藥署台灣食品成分資料庫,100,10.6,1.2,2.2,0.1,蔬菜類；每100g；食藥署標示值,93,1.4
青江菜(土植)(4月取樣),食藥署台灣食品成分資料庫,100,8.9,1.0,1.8,0.1,蔬菜類；每100g；食藥署標示值,91,1.1
青江菜(土植)(7月取樣),食藥署台灣食品成分資料庫,100,12.4,1.5,2.5,0.1,蔬菜類；每100g；食藥署標示值,95,0.8
青江菜(土植)(10月取樣),食藥署台灣食品成分資料庫,100,15.2,1.7,3.4,0.1,蔬菜類；每100g；食藥署標示值,112,1.2
青江菜(水耕)(1月取樣),食藥署台灣食品成分資料庫,100,9.8,1.2,2.4,0.0,蔬菜類；每100g；食藥署標示值,67,1.7
青江菜(水耕)(4月取樣),食藥署台灣食品成分資料庫,100,11.9,1.4,2.4,0.2,蔬菜類；每100g；食藥署標示值,92,0.8
青江菜(水耕)(7月取樣),食藥署台灣食品成分資料庫,100,11.8,1.7,2.2,0.1,蔬菜類；每100g；食藥署標示值,92,0.7
青江菜(水耕)(10月取樣),食藥署台灣食品成分資料庫,100,7.4,1.4,1.4,0.2,蔬菜類；每100g；食藥署標示值,104,1.3
青江菜(有機)(1月取樣),食藥署台灣食品成分資料庫,100,7.3,1.5,1.5,0.0,蔬菜類；每100g；食藥署標示值,104,1.6
青江菜(有機)(4月取樣),食藥署台灣食品成分資料庫,100,12.6,1.4,2.5,0.2,蔬菜類；每100g；食藥署標示值,143,0.8
青江菜(有機)(7月取樣),食藥署台灣食品成分資料庫,100,17.1,1.9,3.5,0.2,蔬菜類；每100g；食藥署標示值,142,1
青江菜(有機)(10月取樣),食藥署台灣食品成分資料庫,100,12.5,1.6,2.7,0.1,蔬菜類；每100g；食藥署標示值,93,1.1
塔菇菜(有機),食藥署台灣食品成分資料庫,100,10.9,1.9,2.3,0.0,蔬菜類；每100g；食藥署標示值,103,1.1
廣島野菜,食藥署台灣食品成分資料庫,100,13.0,1.7,2.9,0.0,蔬菜類；每100g；食藥署標示值,226,0.7
日本油菜(有機),食藥署台灣食品成分資料庫,100,16.4,1.5,3.3,0.4,蔬菜類；每100g；食藥署標示值,93,1.4
青松菜(有機),食藥署台灣食品成分資料庫,100,16.0,0.9,3.8,0.2,蔬菜類；每100g；食藥署標示值,,
青油菜(有機),食藥署台灣食品成分資料庫,100,11.6,1.5,2.2,0.2,蔬菜類；每100g；食藥署標示值,,
結球白菜平均值,食藥署台灣食品成分資料庫,100,15.0,1.2,2.9,0.3,蔬菜類；每100g；食藥署標示值,40,0.4
煙台白菜,食藥署台灣食品成分資料庫,100,12.1,1.3,2.2,0.3,蔬菜類；每100g；食藥署標示值,34,0.3
迷你竹筍白菜,食藥署台灣食品成分資料庫,100,18.2,1.3,3.8,0.1,蔬菜類；每100g；食藥署標示值,34,0.2
翠玉白菜,食藥署台灣食品成分資料庫,100,17.2,1.0,2.8,0.7,蔬菜類；每100g；食藥署標示值,42,0.5
包心白菜,食藥署台灣食品成分資料庫,100,12.5,1.2,2.6,0.1,蔬菜類；每100g；食藥署標示值,51,0.5
包心白菜(2025年取樣),食藥署台灣食品成分資料庫,100,10.1,1.0,2.3,0.1,蔬菜類；每100g；食藥署標示值,51,0.5
白菜芽,食藥署台灣食品成分資料庫,100,17.0,3.1,3.2,0.1,蔬菜類；每100g；食藥署標示值,45,0.4
白鳳菜,食藥署台灣食品成分資料庫,100,21.0,2.0,4.8,0.4,蔬菜類；每100g；食藥署標示值,82,1.3
紅鳳菜,食藥署台灣食品成分資料庫,100,17.6,2.1,3.5,0.4,蔬菜類；每100g；食藥署標示值,122,6
豆瓣菜,食藥署台灣食品成分資料庫,100,16.8,2.2,3.2,0.3,蔬菜類；每100g；食藥署標示值,98,2.3
明日葉,食藥署台灣食品成分資料庫,100,45.1,1.4,11.9,0.8,蔬菜類；每100g；食藥署標示值,242,1.5
山芹菜,食藥署台灣食品成分資料庫,100,21.4,2.1,5.2,0.2,蔬菜類；每100g；食藥署標示值,131,5.2
芹菜平均值,食藥署台灣食品成分資料庫,100,12.8,0.8,3.1,0.1,蔬菜類；每100g；食藥署標示值,83,0.6
芹菜(青梗),食藥署台灣食品成分資料庫,100,10.2,0.8,2.4,0.1,蔬菜類；每100g；食藥署標示值,86,0.1
芹菜,食藥署台灣食品成分資料庫,100,15.5,0.8,3.8,0.2,蔬菜類；每100g；食藥署標示值,81,1.1
西洋芹菜,食藥署台灣食品成分資料庫,100,8.1,0.4,2.2,0.2,蔬菜類；每100g；食藥署標示值,52,0.7
大心芥菜,食藥署台灣食品成分資料庫,100,10.7,1.0,2.5,0.0,蔬菜類；每100g；食藥署標示值,15,0.2
大芥菜,食藥署台灣食品成分資料庫,100,16.1,0.8,3.4,0.5,蔬菜類；每100g；食藥署標示值,98,1.4
包心芥菜,食藥署台灣食品成分資料庫,100,14.5,1.0,2.7,0.5,蔬菜類；每100g；食藥署標示值,60,0.3
芥菜平均值,食藥署台灣食品成分資料庫,100,16.0,1.5,3.5,0.2,蔬菜類；每100g；食藥署標示值,80,1.2
芥菜,食藥署台灣食品成分資料庫,100,14.8,1.6,3.2,0.1,蔬菜類；每100g；食藥署標示值,72,1.2
雪裡蕻,食藥署台灣食品成分資料庫,100,17.1,1.5,3.8,0.2,蔬菜類；每100g；食藥署標示值,88,1.3
抱子芥菜,食藥署台灣食品成分資料庫,100,17.4,2.1,3.8,0.1,蔬菜類；每100g；食藥署標示值,29,0.3
芥藍菜,食藥署台灣食品成分資料庫,100,16.2,1.7,3.2,0.3,蔬菜類；每100g；食藥署標示值,181,1.4
芥藍芽,食藥署台灣食品成分資料庫,100,22.5,2.2,4.5,0.3,蔬菜類；每100g；食藥署標示值,46,0.8
芫荽,食藥署台灣食品成分資料庫,100,19.9,2.3,4.5,0.3,蔬菜類；每100g；食藥署標示值,61,2.4
紅梗珍珠菜,食藥署台灣食品成分資料庫,100,25.1,2.6,5.6,1.0,蔬菜類；每100g；食藥署標示值,127,4.5
食茱萸,食藥署台灣食品成分資料庫,100,94.6,11.9,23.8,0.3,蔬菜類；每100g；食藥署標示值,721,23.9
香樁,食藥署台灣食品成分資料庫,100,88.1,4.3,19.4,1.5,蔬菜類；每100g；食藥署標示值,514,3.7
茴香,食藥署台灣食品成分資料庫,100,18.5,2.2,4.1,0.2,蔬菜類；每100g；食藥署標示值,133,1.4
馬齒莧,食藥署台灣食品成分資料庫,100,13.1,1.2,1.9,0.4,蔬菜類；每100g；食藥署標示值,54,1.3
茼蒿,食藥署台灣食品成分資料庫,100,12.7,1.7,2.2,0.3,蔬菜類；每100g；食藥署標示值,46,1.5
日本茼蒿(有機),食藥署台灣食品成分資料庫,100,20.3,1.9,4.8,0.2,蔬菜類；每100g；食藥署標示值,103,3.4
昭和草,食藥署台灣食品成分資料庫,100,26.4,2.2,3.8,0.7,蔬菜類；每100g；食藥署標示值,83,4.2
隼人瓜苗,食藥署台灣食品成分資料庫,100,19.4,3.3,3.5,0.2,蔬菜類；每100g；食藥署標示值,43,1.4
白莧菜,食藥署台灣食品成分資料庫,100,12.9,1.9,2.6,0.3,蔬菜類；每100g；食藥署標示值,146,4.6
紅莧菜,食藥署台灣食品成分資料庫,100,16.0,2.6,3.3,0.3,蔬菜類；每100g；食藥署標示值,150,8.5
野莧菜,食藥署台灣食品成分資料庫,100,32.5,6.3,4.9,0.6,蔬菜類；每100g；食藥署標示值,336,4.8
紫蘇,食藥署台灣食品成分資料庫,100,53.7,5.5,11.9,1.2,蔬菜類；每100g；食藥署標示值,401,7.4
菠菜,食藥署台灣食品成分資料庫,100,14.2,2.2,2.4,0.3,蔬菜類；每100g；食藥署標示值,81,2.9
菠菜(葉)(有機),食藥署台灣食品成分資料庫,100,20.9,3.3,3.6,0.4,蔬菜類；每100g；食藥署標示值,172,3.1
冷凍菠菜,食藥署台灣食品成分資料庫,100,13.2,2.1,2.9,0.0,蔬菜類；每100g；食藥署標示值,78,0.8
菾菜,食藥署台灣食品成分資料庫,100,16.9,2.0,3.7,0.1,蔬菜類；每100g；食藥署標示值,45,1.4
黃金菾菜,食藥署台灣食品成分資料庫,100,13.8,2.4,2.6,0.2,蔬菜類；每100g；食藥署標示值,45,0.8
落葵,食藥署台灣食品成分資料庫,100,28.8,2.7,6.0,0.3,蔬菜類；每100g；食藥署標示值,122,1.8
藤三七,食藥署台灣食品成分資料庫,100,19.0,1.6,3.2,0.5,蔬菜類；每100g；食藥署標示值,92,2.3
不結球萵苣平均值,食藥署台灣食品成分資料庫,100,13.0,1.1,2.8,0.3,蔬菜類；每100g；食藥署標示值,52,0.8
奶油萵苣(日本種),食藥署台灣食品成分資料庫,100,13.0,1.1,2.6,0.3,蔬菜類；每100g；食藥署標示值,51,0.5
紅葉萵苣(荷蘭種）,食藥署台灣食品成分資料庫,100,11.8,1.4,2.5,0.3,蔬菜類；每100g；食藥署標示值,52,1.1
廣東萵苣,食藥署台灣食品成分資料庫,100,16.6,1.0,4.0,0.2,蔬菜類；每100g；食藥署標示值,56,0.7
福山萵苣,食藥署台灣食品成分資料庫,100,10.8,1.0,2.3,0.2,蔬菜類；每100g；食藥署標示值,,
蘿蔓萵苣,食藥署台灣食品成分資料庫,100,16.7,1.1,3.7,0.2,蔬菜類；每100g；食藥署標示值,,
本島萵苣(土植)(1月取樣),食藥署台灣食品成分資料庫,100,13.8,1.6,2.5,0.4,蔬菜類；每100g；食藥署標示值,29,5.8
本島萵苣(土植)(3月取樣),食藥署台灣食品成分資料庫,100,13.8,0.3,3.8,0.3,蔬菜類；每100g；食藥署標示值,32,1.8
本島萵苣(土植)(4月取樣),食藥署台灣食品成分資料庫,100,14.1,0.9,3.3,0.2,蔬菜類；每100g；食藥署標示值,32,1
本島萵苣(土植)(7月取樣),食藥署台灣食品成分資料庫,100,20.2,1.4,4.4,0.3,蔬菜類；每100g；食藥署標示值,52,1.2
本島萵苣(土植)(10月取樣),食藥署台灣食品成分資料庫,100,11.7,1.1,2.2,0.3,蔬菜類；每100g；食藥署標示值,39,0.8
本島萵苣(水耕)(1月取樣),食藥署台灣食品成分資料庫,100,10.9,1.6,2.1,0.2,蔬菜類；每100g；食藥署標示值,27,1.4
本島萵苣(水耕)(4月取樣),食藥署台灣食品成分資料庫,100,12.2,1.0,2.7,0.2,蔬菜類；每100g；食藥署標示值,31,1
本島萵苣(水耕)(7月取樣),食藥署台灣食品成分資料庫,100,9.9,1.4,1.9,0.2,蔬菜類；每100g；食藥署標示值,41,1
本島萵苣(水耕)(10月取樣),食藥署台灣食品成分資料庫,100,9.6,1.1,1.6,0.3,蔬菜類；每100g；食藥署標示值,32,0.8
本島萵苣(有機)(1月取樣),食藥署台灣食品成分資料庫,100,11.0,1.8,2.6,0.0,蔬菜類；每100g；食藥署標示值,48,3
本島萵苣(有機)(4月取樣),食藥署台灣食品成分資料庫,100,15.8,1.1,3.5,0.3,蔬菜類；每100g；食藥署標示值,41,1.2
本島萵苣(有機)(7月取樣),食藥署台灣食品成分資料庫,100,14.6,1.5,2.7,0.3,蔬菜類；每100g；食藥署標示值,54,0.9
本島萵苣(有機)(10月取樣),食藥署台灣食品成分資料庫,100,11.5,1.3,2.3,0.3,蔬菜類；每100g；食藥署標示值,43,0.6
水耕波士頓萵苣,食藥署台灣食品成分資料庫,100,12.6,1.3,1.2,0.7,蔬菜類；每100g；食藥署標示值,37,0
結球萵苣,食藥署台灣食品成分資料庫,100,11.8,0.7,2.8,0.1,蔬菜類；每100g；食藥署標示值,18,0.4
豌豆苗,食藥署台灣食品成分資料庫,100,26.9,3.7,4.4,0.5,蔬菜類；每100g；食藥署標示值,36,1.8
龍葵,食藥署台灣食品成分資料庫,100,21.1,3.8,3.4,0.3,蔬菜類；每100g；食藥署標示值,238,6.7
蕹菜(土植)(1月取樣),食藥署台灣食品成分資料庫,100,16.1,2.0,3.5,0.3,蔬菜類；每100g；食藥署標示值,85,3.1
蕹菜(土植)(4月取樣),食藥署台灣食品成分資料庫,100,14.5,1.7,3.5,0.2,蔬菜類；每100g；食藥署標示值,70,1.9
蕹菜(土植)(7月取樣),食藥署台灣食品成分資料庫,100,13.5,1.9,2.8,0.1,蔬菜類；每100g；食藥署標示值,50,1.6
蕹菜(土植)(10月取樣),食藥署台灣食品成分資料庫,100,13.8,1.8,2.6,0.3,蔬菜類；每100g；食藥署標示值,58,3.9
蕹菜(水耕)(1月取樣),食藥署台灣食品成分資料庫,100,22.0,2.7,4.5,0.3,蔬菜類；每100g；食藥署標示值,50,2.7
蕹菜(水耕)(4月取樣),食藥署台灣食品成分資料庫,100,18.4,2.2,4.3,0.1,蔬菜類；每100g；食藥署標示值,64,1.5
蕹菜(水耕)(7月取樣),食藥署台灣食品成分資料庫,100,13.8,1.9,2.7,0.2,蔬菜類；每100g；食藥署標示值,42,0.9
蕹菜(水耕)(10月取樣),食藥署台灣食品成分資料庫,100,17.3,2.2,3.8,0.3,蔬菜類；每100g；食藥署標示值,94,1
蕹菜(有機)(4月取樣),食藥署台灣食品成分資料庫,100,20.4,1.9,4.7,0.3,蔬菜類；每100g；食藥署標示值,87,2.2
蕹菜(有機)(10月取樣),食藥署台灣食品成分資料庫,100,14.9,1.7,3.0,0.4,蔬菜類；每100g；食藥署標示值,105,2.1
水蕹菜,食藥署台灣食品成分資料庫,100,19.1,2.6,3.3,0.5,蔬菜類；每100g；食藥署標示值,48,1
蘿蔔葉,食藥署台灣食品成分資料庫,100,10.0,1.7,2.0,0.2,蔬菜類；每100g；食藥署標示值,158,1.5
花椰菜,食藥署台灣食品成分資料庫,100,19.3,1.8,4.5,0.1,蔬菜類；每100g；食藥署標示值,21,0.6
冷凍花椰菜,食藥署台灣食品成分資料庫,100,15.3,1.3,4.5,0.1,蔬菜類；每100g；食藥署標示值,21,0.4
紫色花椰菜,食藥署台灣食品成分資料庫,100,32.6,3.1,7.6,0.3,蔬菜類；每100g；食藥署標示值,70,2.6
青花菜(1999年取樣),食藥署台灣食品成分資料庫,100,22.6,3.7,4.4,0.2,蔬菜類；每100g；食藥署標示值,44,0.8
青花菜(2021年取樣),食藥署台灣食品成分資料庫,100,32.7,3.4,6.5,0.4,蔬菜類；每100g；食藥署標示值,30,1.2
冷凍青花菜,食藥署台灣食品成分資料庫,100,19.1,2.5,4.4,0.2,蔬菜類；每100g；食藥署標示值,38,0.6
青花菜筍,食藥署台灣食品成分資料庫,100,26.6,3.0,5.1,0.5,蔬菜類；每100g；食藥署標示值,41,0.6
花椰菜乾,食藥署台灣食品成分資料庫,100,238.2,16.0,62.5,0.6,蔬菜類；每100g；食藥署標示值,254,13.6
金針菜,食藥署台灣食品成分資料庫,100,34.1,2.4,7.4,0.5,蔬菜類；每100g；食藥署標示值,23,0.6
金針菜乾,食藥署台灣食品成分資料庫,100,269.5,14.3,65.4,1.8,蔬菜類；每100g；食藥署標示值,134,7.6
洛神花乾,食藥署台灣食品成分資料庫,100,239.7,9.0,71.2,0.6,蔬菜類；每100g；食藥署標示值,1266,4.8
絲瓜花,食藥署台灣食品成分資料庫,100,25.4,3.9,4.8,0.3,蔬菜類；每100g；食藥署標示值,65,0.9
冬瓜平均值,食藥署台灣食品成分資料庫,100,8.7,0.4,2.4,0.1,蔬菜類；每100g；食藥署標示值,11,0.3
冬瓜,食藥署台灣食品成分資料庫,100,10.7,0.4,2.7,0.1,蔬菜類；每100g；食藥署標示值,7,0.2
香芋冬瓜,食藥署台灣食品成分資料庫,100,6.8,0.4,2.0,0.0,蔬菜類；每100g；食藥署標示值,15,0.5
冬瓜(2022年取樣),食藥署台灣食品成分資料庫,100,18.5,0.4,5.1,0.0,蔬菜類；每100g；食藥署標示值,13,0
南瓜平均值,食藥署台灣食品成分資料庫,100,69.3,1.9,17.3,0.2,蔬菜類；每100g；食藥署標示值,14,0.5
日本南瓜,食藥署台灣食品成分資料庫,100,79.9,0.6,20.8,0.4,蔬菜類；每100g；食藥署標示值,16,0.5
台灣南瓜,食藥署台灣食品成分資料庫,100,46.3,1.7,11.1,0.2,蔬菜類；每100g；食藥署標示值,8,0.5
栗子南瓜,食藥署台灣食品成分資料庫,100,79.4,1.4,20.7,0.2,蔬菜類；每100g；食藥署標示值,12,0.4
菊花南瓜,食藥署台灣食品成分資料庫,100,71.8,3.8,16.8,0.1,蔬菜類；每100g；食藥署標示值,18,0.6
胡瓜,食藥署台灣食品成分資料庫,100,12.8,0.7,2.9,0.1,蔬菜類；每100g；食藥署標示值,15,1.3
花胡瓜(有機),食藥署台灣食品成分資料庫,100,13.6,0.8,3.1,0.1,蔬菜類；每100g；食藥署標示值,18,0.2
水果小胡瓜,食藥署台灣食品成分資料庫,100,11.5,0.6,3.0,0.0,蔬菜類；每100g；食藥署標示值,,
苦瓜(白皮),食藥署台灣食品成分資料庫,100,14.0,0.9,4.1,0.1,蔬菜類；每100g；食藥署標示值,20,0.3
苦瓜(青皮),食藥署台灣食品成分資料庫,100,13.0,0.9,4.2,0.1,蔬菜類；每100g；食藥署標示值,19,0.2
珍珠苦瓜,食藥署台灣食品成分資料庫,100,14.9,0.7,4.2,0.1,蔬菜類；每100g；食藥署標示值,22,0.5
野苦瓜,食藥署台灣食品成分資料庫,100,22.2,1.7,5.3,0.6,蔬菜類；每100g；食藥署標示值,43,0.7
隼人瓜,食藥署台灣食品成分資料庫,100,20.2,0.7,5.2,0.1,蔬菜類；每100g；食藥署標示值,21,0.2
隼人瓜(2023年取樣),食藥署台灣食品成分資料庫,100,18.7,0.7,4.5,0.2,蔬菜類；每100g；食藥署標示值,26,0
白皮蛇瓜,食藥署台灣食品成分資料庫,100,16.4,1.4,3.2,0.3,蔬菜類；每100g；食藥署標示值,25,0.9
綠皮蛇瓜,食藥署台灣食品成分資料庫,100,26.4,1.9,5.6,0.6,蔬菜類；每100g；食藥署標示值,27,0.5
絲瓜,食藥署台灣食品成分資料庫,100,16.7,1.1,3.9,0.1,蔬菜類；每100g；食藥署標示值,10,0.2
稜角絲瓜,食藥署台灣食品成分資料庫,100,18.0,0.9,4.1,0.2,蔬菜類；每100g；食藥署標示值,13,1.9
蘋果絲瓜(有機),食藥署台灣食品成分資料庫,100,18.7,0.6,4.5,0.1,蔬菜類；每100g；食藥署標示值,,
越瓜,食藥署台灣食品成分資料庫,100,16.2,0.6,4.1,0.1,蔬菜類；每100g；食藥署標示值,19,0
蒲瓜平均值,食藥署台灣食品成分資料庫,100,15.3,0.5,4.0,0.1,蔬菜類；每100g；食藥署標示值,17,0.1
蒲瓜(長形),食藥署台灣食品成分資料庫,100,16.1,0.5,4.2,0.1,蔬菜類；每100g；食藥署標示值,17,0.2
蒲瓜(圓形),食藥署台灣食品成分資料庫,100,15.4,0.6,4.0,0.1,蔬菜類；每100g；食藥署標示值,13,0.1
花蒲瓜(圓形),食藥署台灣食品成分資料庫,100,12.6,0.3,3.5,0.0,蔬菜類；每100g；食藥署標示值,23,0.1
葫蘆瓜,食藥署台灣食品成分資料庫,100,17.2,0.5,4.1,0.3,蔬菜類；每100g；食藥署標示值,16,0.2
黃櫛瓜,食藥署台灣食品成分資料庫,100,13.4,1.4,2.7,0.1,蔬菜類；每100g；食藥署標示值,25,0.6
綠櫛瓜,食藥署台灣食品成分資料庫,100,11.3,2.2,1.8,0.0,蔬菜類；每100g；食藥署標示值,19,0.8
枸杞乾,食藥署台灣食品成分資料庫,100,325.4,12.3,77.8,1.3,蔬菜類；每100g；食藥署標示值,50,4.5
長茄子,食藥署台灣食品成分資料庫,100,20.1,1.2,5.3,0.2,蔬菜類；每100g；食藥署標示值,16,0.4
圓茄子,食藥署台灣食品成分資料庫,100,17.7,1.0,4.5,0.0,蔬菜類；每100g；食藥署標示值,12,0.3
圓茄子(2025年取樣),食藥署台灣食品成分資料庫,100,20.4,1.4,5.0,0.2,蔬菜類；每100g；食藥署標示值,12,0.3
大番茄平均值(紅色系),食藥署台灣食品成分資料庫,100,16.7,0.8,4.1,0.1,蔬菜類；每100g；食藥署標示值,10,0.3
牛番茄,食藥署台灣食品成分資料庫,100,16.6,0.7,4.0,0.1,蔬菜類；每100g；食藥署標示值,7,0.5
紅番茄,食藥署台灣食品成分資料庫,100,18.2,0.9,4.4,0.0,蔬菜類；每100g；食藥署標示值,10,0.3
桃太郎番茄,食藥署台灣食品成分資料庫,100,15.2,0.7,4.0,0.0,蔬菜類；每100g；食藥署標示值,14,0.2
黃番茄,食藥署台灣食品成分資料庫,100,22.4,0.9,5.3,0.0,蔬菜類；每100g；食藥署標示值,10,0
大番茄平均值(綠色系),食藥署台灣食品成分資料庫,100,20.1,0.7,5.0,0.1,蔬菜類；每100g；食藥署標示值,10,0.4
粉柿番茄,食藥署台灣食品成分資料庫,100,16.4,0.8,4.0,0.0,蔬菜類；每100g；食藥署標示值,8,0.4
黑柿番茄,食藥署台灣食品成分資料庫,100,21.5,0.4,5.6,0.1,蔬菜類；每100g；食藥署標示值,10,0.4
綠番茄,食藥署台灣食品成分資料庫,100,22.4,0.9,5.4,0.1,蔬菜類；每100g；食藥署標示值,11,0.4
小番茄平均值(紅色系),食藥署台灣食品成分資料庫,100,29.5,0.9,7.4,0.2,蔬菜類；每100g；食藥署標示值,14,0.8
聖女小番茄,食藥署台灣食品成分資料庫,100,31.0,1.1,6.9,0.5,蔬菜類；每100g；食藥署標示值,16,0.5
試交二號小番茄,食藥署台灣食品成分資料庫,100,26.2,0.7,7.2,0.0,蔬菜類；每100g；食藥署標示值,13,0.5
櫻桃小番茄,食藥署台灣食品成分資料庫,100,31.3,0.9,8.1,0.1,蔬菜類；每100g；食藥署標示值,12,1.4
黃金小蕃茄,食藥署台灣食品成分資料庫,100,28.3,0.8,6.8,0.2,蔬菜類；每100g；食藥署標示值,11,0.3
小番茄平均值(橙色系),食藥署台灣食品成分資料庫,100,28.5,1.1,6.9,0.2,蔬菜類；每100g；食藥署標示值,12,0.3
金女小番茄,食藥署台灣食品成分資料庫,100,27.5,1.1,6.6,0.1,蔬菜類；每100g；食藥署標示值,14,0
黃金聖女小番茄,食藥署台灣食品成分資料庫,100,27.9,1.0,7.0,0.1,蔬菜類；每100g；食藥署標示值,11,0.4
橙蕃茄,食藥署台灣食品成分資料庫,100,30.1,1.2,7.0,0.2,蔬菜類；每100g；食藥署標示值,11,0.4
香瓜茄,食藥署台灣食品成分資料庫,100,24.7,0.4,6.2,0.1,蔬菜類；每100g；食藥署標示值,7,0.2
甜椒平均值(青皮),食藥署台灣食品成分資料庫,100,23.7,1.0,5.9,0.4,蔬菜類；每100g；食藥署標示值,12,0.4
甜椒(青皮),食藥署台灣食品成分資料庫,100,19.3,0.8,4.9,0.3,蔬菜類；每100g；食藥署標示值,10,0.5
小甜椒(青皮),食藥署台灣食品成分資料庫,100,28.4,1.4,6.8,0.5,蔬菜類；每100g；食藥署標示值,13,0.6
高山甜椒(青皮),食藥署台灣食品成分資料庫,100,23.4,0.9,6.0,0.6,蔬菜類；每100g；食藥署標示值,14,0
甜椒(紅皮),食藥署台灣食品成分資料庫,100,30.4,0.8,7.1,0.5,蔬菜類；每100g；食藥署標示值,6,0.4
甜椒(紅皮)(20205年取樣),食藥署台灣食品成分資料庫,100,30.4,1.1,7.0,0.4,蔬菜類；每100g；食藥署標示值,6,0.4
甜椒(黃皮),食藥署台灣食品成分資料庫,100,24.5,0.8,6.0,0.3,蔬菜類；每100g；食藥署標示值,7,0.2
甜椒(橙皮),食藥署台灣食品成分資料庫,100,32.1,0.9,7.7,0.3,蔬菜類；每100g；食藥署標示值,6,0.7
青辣椒平均值,食藥署台灣食品成分資料庫,100,26.7,1.3,6.9,0.3,蔬菜類；每100g；食藥署標示值,13,0.3
角椒,食藥署台灣食品成分資料庫,100,17.4,0.9,4.7,0.2,蔬菜類；每100g；食藥署標示值,10,0.2
長辣椒(青皮),食藥署台灣食品成分資料庫,100,41.1,1.9,10.3,0.4,蔬菜類；每100g；食藥署標示值,14,0.5
糯米椒,食藥署台灣食品成分資料庫,100,21.5,1.2,5.6,0.3,蔬菜類；每100g；食藥署標示值,13,0.2
紅辣椒平均值,食藥署台灣食品成分資料庫,100,58.7,3.6,16.4,0.9,蔬菜類；每100g；食藥署標示值,21,1.7
長辣椒(紅皮),食藥署台灣食品成分資料庫,100,35.3,2.4,9.3,0.7,蔬菜類；每100g；食藥署標示值,16,3.1
朝天椒(長果),食藥署台灣食品成分資料庫,100,63.7,3.4,17.9,1.3,蔬菜類；每100g；食藥署標示值,15,1
朝天椒(圓果),食藥署台灣食品成分資料庫,100,77.2,4.9,21.9,0.5,蔬菜類；每100g；食藥署標示值,33,1.2
乾長辣椒(紅皮),食藥署台灣食品成分資料庫,100,303.3,19.9,47.6,17.2,蔬菜類；每100g；食藥署標示值,100,5.5
黃秋葵,食藥署台灣食品成分資料庫,100,28.5,2.1,7.5,0.1,蔬菜類；每100g；食藥署標示值,94,0.7
青花菜芽,食藥署台灣食品成分資料庫,100,29.1,2.8,4.9,1.0,蔬菜類；每100g；食藥署標示值,45,0.7
苜蓿芽,食藥署台灣食品成分資料庫,100,16.7,3.2,2.5,0.2,蔬菜類；每100g；食藥署標示值,41,0.7
紫甘藍芽,食藥署台灣食品成分資料庫,100,26.7,0.2,6.6,0.7,蔬菜類；每100g；食藥署標示值,52,1.3
黃豆芽,食藥署台灣食品成分資料庫,100,40.8,5.3,5.0,1.6,蔬菜類；每100g；食藥署標示值,19,1.1
"黃豆芽(有機,2023年取樣)",食藥署台灣食品成分資料庫,100,34.8,5.1,5.0,1.0,蔬菜類；每100g；食藥署標示值,40,0.9
黑豆芽,食藥署台灣食品成分資料庫,100,43.5,6.6,6.4,1.1,蔬菜類；每100g；食藥署標示值,33,1.2
葵花芽,食藥署台灣食品成分資料庫,100,22.0,2.5,4.3,0.4,蔬菜類；每100g；食藥署標示值,22,0.8
綠豆芽,食藥署台灣食品成分資料庫,100,21.3,2.3,4.1,0.2,蔬菜類；每100g；食藥署標示值,56,0.8
豌豆芽,食藥署台灣食品成分資料庫,100,21.8,4.0,2.9,0.4,蔬菜類；每100g；食藥署標示值,6,0.5
蕎麥芽,食藥署台灣食品成分資料庫,100,16.0,1.9,3.4,0.2,蔬菜類；每100g；食藥署標示值,30,0.2
蘿蔔芽,食藥署台灣食品成分資料庫,100,21.3,2.1,3.9,0.4,蔬菜類；每100g；食藥署標示值,39,1.3
山蘇菜,食藥署台灣食品成分資料庫,100,20.1,3.0,4.4,0.2,蔬菜類；每100g；食藥署標示值,47,0.2
火炭母草,食藥署台灣食品成分資料庫,100,8.8,1.6,1.2,0.4,蔬菜類；每100g；食藥署標示值,115,3.1
石蓮花,食藥署台灣食品成分資料庫,100,9.5,0.4,2.2,0.1,蔬菜類；每100g；食藥署標示值,231,0.7
青葙,食藥署台灣食品成分資料庫,100,43.8,2.5,7.7,1.6,蔬菜類；每100g；食藥署標示值,192,2.2
假人蔘,食藥署台灣食品成分資料庫,100,29.7,1.6,2.2,2.2,蔬菜類；每100g；食藥署標示值,62,4.2
野苦瓜嫩梢,食藥署台灣食品成分資料庫,100,59.8,5.7,12.2,1.7,蔬菜類；每100g；食藥署標示值,459,8.5
過溝菜蕨,食藥署台灣食品成分資料庫,100,21.8,3.1,3.2,0.8,蔬菜類；每100g；食藥署標示值,17,1.4
蔘鬚,食藥署台灣食品成分資料庫,100,299.7,7.0,76.2,1.8,蔬菜類；每100g；食藥署標示值,325,39.4
龍骨瓣莕菜,食藥署台灣食品成分資料庫,100,13.8,1.1,3.1,0.3,蔬菜類；每100g；食藥署標示值,26,3.7
薄荷,食藥署台灣食品成分資料庫,100,41.2,3.0,10.9,0.6,蔬菜類；每100g；食藥署標示值,188,11
蕺菜,食藥署台灣食品成分資料庫,100,41.9,3.2,7.7,0.9,蔬菜類；每100g；食藥署標示值,79,8.4
蘆薈,食藥署台灣食品成分資料庫,100,1.8,0.1,0.2,0.4,蔬菜類；每100g；食藥署標示值,36,0.1
皇宮菜,食藥署台灣食品成分資料庫,100,17.8,2.2,3.5,0.3,蔬菜類；每100g；食藥署標示值,68,1.1
香芫荽,食藥署台灣食品成分資料庫,100,18.8,2.4,3.9,0.2,蔬菜類；每100g；食藥署標示值,91,2.9
荷蘭豆菜心,食藥署台灣食品成分資料庫,100,24.5,3.9,3.9,0.6,蔬菜類；每100g；食藥署標示值,33,1.1
厥子,食藥署台灣食品成分資料庫,100,11.9,2.3,3.9,0.2,蔬菜類；每100g；食藥署標示值,11,0.9
義大利茼蒿,食藥署台灣食品成分資料庫,100,11.9,1.6,1.9,0.4,蔬菜類；每100g；食藥署標示值,72,1.4
龍延草,食藥署台灣食品成分資料庫,100,77.4,3.9,12.7,2.3,蔬菜類；每100g；食藥署標示值,424,7.5
麵包果,食藥署台灣食品成分資料庫,100,53.2,1.0,11.2,1.8,蔬菜類；每100g；食藥署標示值,51,0
冰花,食藥署台灣食品成分資料庫,100,5.9,0.8,1.0,0.1,蔬菜類；每100g；食藥署標示值,10,0.3
木虌果,食藥署台灣食品成分資料庫,100,62.3,1.1,10.5,3.1,蔬菜類；每100g；食藥署標示值,,
紅毛苔,食藥署台灣食品成分資料庫,100,214.1,39.9,36.9,1.9,藻類；每100g；食藥署標示值,278,62
紫菜,食藥署台灣食品成分資料庫,100,212.4,28.1,47.9,0.9,藻類；每100g；食藥署標示值,342,56.2
熟紫菜,食藥署台灣食品成分資料庫,100,223.3,18.1,62.4,0.4,藻類；每100g；食藥署標示值,352,37.9
髮菜,食藥署台灣食品成分資料庫,100,274.6,10.3,69.5,0.5,藻類；每100g；食藥署標示值,1187,40.7
麒麟菜,食藥署台灣食品成分資料庫,100,32.6,0.9,9.9,0.0,藻類；每100g；食藥署標示值,26,0.9
乾麒麟菜,食藥署台灣食品成分資料庫,100,166.0,1.2,46.7,0.5,藻類；每100g；食藥署標示值,252,3.2
礁膜,食藥署台灣食品成分資料庫,100,9.3,0.3,3.7,0.1,藻類；每100g；食藥署標示值,92,3.3
乾海茸芯,食藥署台灣食品成分資料庫,100,178.2,8.4,59.1,0.2,藻類；每100g；食藥署標示值,904,3.3
海帶平均值,食藥署台灣食品成分資料庫,100,14.3,0.7,4.2,0.1,藻類；每100g；食藥署標示值,80,0.9
海帶卷,食藥署台灣食品成分資料庫,100,8.8,0.7,2.8,0.2,藻類；每100g；食藥署標示值,64,0.4
海帶茸,食藥署台灣食品成分資料庫,100,25.1,1.1,6.5,0.0,藻類；每100g；食藥署標示值,162,1.1
海帶梗,食藥署台灣食品成分資料庫,100,8.8,0.4,3.2,0.0,藻類；每100g；食藥署標示值,41,0.6
海帶結,食藥署台灣食品成分資料庫,100,12.1,0.8,3.6,0.1,藻類；每100g；食藥署標示值,78,1.3
海帶絲,食藥署台灣食品成分資料庫,100,16.7,0.7,5.0,0.1,藻類；每100g；食藥署標示值,53,0.8
乾海帶,食藥署台灣食品成分資料庫,100,169.4,10.0,47.3,1.1,藻類；每100g；食藥署標示值,791,4.4
裙帶菜,食藥署台灣食品成分資料庫,100,39.1,5.0,11.6,0.0,藻類；每100g；食藥署標示值,346,12.6
乾裙帶菜,食藥署台灣食品成分資料庫,100,160.2,22.9,40.8,0.7,藻類；每100g；食藥署標示值,950,28.6
乾裙帶菜根,食藥署台灣食品成分資料庫,100,126.1,6.2,46.1,0.6,藻類；每100g；食藥署標示值,816,14.5
鳳尾藻,食藥署台灣食品成分資料庫,100,135.4,11.7,43.9,1.3,藻類；每100g；食藥署標示值,319,18
葛仙米藻,食藥署台灣食品成分資料庫,100,15.5,1.3,5.2,0.0,藻類；每100g；食藥署標示值,104,4.6
長莖葡萄蕨藻,食藥署台灣食品成分資料庫,100,4.8,0.2,1.3,0.0,藻類；每100g；食藥署標示值,,
壽司海苔片,食藥署台灣食品成分資料庫,100,227.5,46.5,32.1,3.7,藻類；每100g；食藥署標示值,298,14.1
木耳,食藥署台灣食品成分資料庫,100,23.9,0.9,8.8,0.1,菇類；每100g；食藥署標示值,27,0.8
冷凍木耳,食藥署台灣食品成分資料庫,100,27.5,0.9,12.4,0.1,菇類；每100g；食藥署標示值,51,0.9
乾木耳平均值,食藥署台灣食品成分資料庫,100,223.6,13.8,74.7,0.7,菇類；每100g；食藥署標示值,113,2.8
乾木耳(紅耳仔),食藥署台灣食品成分資料庫,100,182.0,6.1,79.8,0.2,菇類；每100g；食藥署標示值,184,2.6
乾木耳(黑耳仔),食藥署台灣食品成分資料庫,100,265.3,21.4,69.6,1.2,菇類；每100g；食藥署標示值,43,3
乾川耳,食藥署台灣食品成分資料庫,100,187.6,9.0,79.4,0.3,菇類；每100g；食藥署標示值,91,2
銀耳,食藥署台灣食品成分資料庫,100,18.6,1.1,7.2,0.0,菇類；每100g；食藥署標示值,5,0
白毛木耳,食藥署台灣食品成分資料庫,100,31.2,1.2,10.6,0.1,菇類；每100g；食藥署標示值,10,0.3
乾銀耳,食藥署台灣食品成分資料庫,100,187.5,9.3,70.8,1.2,菇類；每100g；食藥署標示值,45,2.5
草菇,食藥署台灣食品成分資料庫,100,31.8,3.8,5.9,0.3,菇類；每100g；食藥署標示值,4,1.6
草菇(2025年取樣),食藥署台灣食品成分資料庫,100,28.0,3.5,5.1,0.3,菇類；每100g；食藥署標示值,4,1.6
雞腿菇,食藥署台灣食品成分資料庫,100,31.9,2.1,7.5,0.1,菇類；每100g；食藥署標示值,2,0.7
雞腿菇(乾),食藥署台灣食品成分資料庫,100,258.8,20.1,59.8,1.4,菇類；每100g；食藥署標示值,20,7
松茸,食藥署台灣食品成分資料庫,100,33.1,3.1,5.9,0.5,菇類；每100g；食藥署標示值,1,0.7
雪白菇(長),食藥署台灣食品成分資料庫,100,30.8,2.1,6.9,0.4,菇類；每100g；食藥署標示值,1,0.5
柳松菇,食藥署台灣食品成分資料庫,100,32.9,3.7,6.0,0.3,菇類；每100g；食藥署標示值,1,0.4
乾柳松菇,食藥署台灣食品成分資料庫,100,233.8,23.5,53.5,1.9,菇類；每100g；食藥署標示值,44,8.2
香菇平均值,食藥署台灣食品成分資料庫,100,31.3,3.0,7.6,0.1,菇類；每100g；食藥署標示值,3,0.6
香菇(大),食藥署台灣食品成分資料庫,100,30.5,3.0,7.1,0.2,菇類；每100g；食藥署標示值,3,0.3
香菇(小),食藥署台灣食品成分資料庫,100,21.1,2.4,4.9,0.1,菇類；每100g；食藥署標示值,2,0.2
花菇,食藥署台灣食品成分資料庫,100,42.2,3.6,10.7,0.1,菇類；每100g；食藥署標示值,5,1.2
乾香菇平均值,食藥署台灣食品成分資料庫,100,250.4,20.9,64.9,1.6,菇類；每100g；食藥署標示值,31,3.6
乾香菇,食藥署台灣食品成分資料庫,100,259.5,23.3,66.6,1.4,菇類；每100g；食藥署標示值,84,4.2
乾花菇,食藥署台灣食品成分資料庫,100,253.0,17.0,67.4,1.1,菇類；每100g；食藥署標示值,16,2.6
乾白花菇,食藥署台灣食品成分資料庫,100,233.2,18.7,64.5,1.1,菇類；每100g；食藥署標示值,11,3.3
乾鈕釦菇,食藥署台灣食品成分資料庫,100,256.0,24.6,60.9,2.7,菇類；每100g；食藥署標示值,15,4.1
姬松茸,食藥署台灣食品成分資料庫,100,36.1,4.0,6.9,0.4,菇類；每100g；食藥署標示值,18,2.2
乾姬松茸,食藥署台灣食品成分資料庫,100,258.5,34.0,46.7,2.7,菇類；每100g；食藥署標示值,25,10.4
酒杯菇,食藥署台灣食品成分資料庫,100,42.3,4.6,9.0,0.3,菇類；每100g；食藥署標示值,2,1.4
秀珍菇,食藥署台灣食品成分資料庫,100,25.0,3.3,4.6,0.1,菇類；每100g；食藥署標示值,1,0.6
天喜菇,食藥署台灣食品成分資料庫,100,21.8,4.5,2.5,0.5,菇類；每100g；食藥署標示值,1,1.1
白蠔菇,食藥署台灣食品成分資料庫,100,26.8,2.2,6.4,0.3,菇類；每100g；食藥署標示值,1,1.2
玫瑰菇,食藥署台灣食品成分資料庫,100,26.4,4.5,5.6,0.1,菇類；每100g；食藥署標示值,4,2.5
杏香菇,食藥署台灣食品成分資料庫,100,23.5,2.7,4.6,0.1,菇類；每100g；食藥署標示值,0,0.4
杏鮑菇平均值,食藥署台灣食品成分資料庫,100,35.4,2.7,8.3,0.2,菇類；每100g；食藥署標示值,1,0.3
杏鮑菇(大),食藥署台灣食品成分資料庫,100,29.9,2.4,7.5,0.1,菇類；每100g；食藥署標示值,1,0.3
杏鮑菇(中),食藥署台灣食品成分資料庫,100,34.8,2.5,8.2,0.2,菇類；每100g；食藥署標示值,1,0.1
杏鮑菇(小),食藥署台灣食品成分資料庫,100,41.4,3.2,9.2,0.3,菇類；每100g；食藥署標示值,1,0.5
珊瑚菇,食藥署台灣食品成分資料庫,100,29.4,4.0,5.2,0.2,菇類；每100g；食藥署標示值,3,1.4
蠔菇,食藥署台灣食品成分資料庫,100,20.3,2.1,4.8,0.3,菇類；每100g；食藥署標示值,2,0.9
鮑魚菇,食藥署台灣食品成分資料庫,100,20.6,1.7,4.0,0.2,菇類；每100g；食藥署標示值,1,0.7
金針菇,食藥署台灣食品成分資料庫,100,33.0,2.6,7.2,0.3,菇類；每100g；食藥署標示值,1,0.9
華翠菇,食藥署台灣食品成分資料庫,100,24.4,2.5,5.1,0.2,菇類；每100g；食藥署標示值,1,0.8
滑菇,食藥署台灣食品成分資料庫,100,24.1,2.6,4.7,0.2,菇類；每100g；食藥署標示值,2,0.9
舞菇,食藥署台灣食品成分資料庫,100,27.0,1.4,5.8,0.1,菇類；每100g；食藥署標示值,0,0.2
鴻喜菇,食藥署台灣食品成分資料庫,100,25.4,2.9,5.3,0.1,菇類；每100g；食藥署標示值,2,0.5
雪白菇,食藥署台灣食品成分資料庫,100,26.4,2.2,6.4,0.0,菇類；每100g；食藥署標示值,1,0.5
洋菇,食藥署台灣食品成分資料庫,100,22.5,3.0,3.8,0.2,菇類；每100g；食藥署標示值,4,0.9
冷凍洋菇,食藥署台灣食品成分資料庫,100,31.3,3.8,4.3,1.4,菇類；每100g；食藥署標示值,15,0.4
白茯苓,食藥署台灣食品成分資料庫,100,162.1,1.0,79.9,0.2,菇類；每100g；食藥署標示值,1,2.4
猴頭菇,食藥署台灣食品成分資料庫,100,26.1,2.1,5.9,0.2,菇類；每100g；食藥署標示值,2,0.4
乾猴頭菇,食藥署台灣食品成分資料庫,100,241.8,12.3,64.3,3.4,菇類；每100g；食藥署標示值,6,11.3
乾竹笙,食藥署台灣食品成分資料庫,100,249.6,17.5,64.1,2.0,菇類；每100g；食藥署標示值,23,13.6
松茸白菇,食藥署台灣食品成分資料庫,100,32.0,5.1,5.3,0.5,菇類；每100g；食藥署標示值,3,0.8
金喜菇,食藥署台灣食品成分資料庫,100,34.4,2.7,7.7,0.2,菇類；每100g；食藥署標示值,2,1.1
喜來菇,食藥署台灣食品成分資料庫,100,32.8,3.5,6.3,0.4,菇類；每100g；食藥署標示值,1,0.8
富珍茸,食藥署台灣食品成分資料庫,100,32.8,3.0,6.8,0.4,菇類；每100g；食藥署標示值,2,0.6
白鳳豆平均值,食藥署台灣食品成分資料庫,100,296.0,23.8,58.2,2.1,豆類；每100g；食藥署標示值,111,4.7
白鳳豆(台灣),食藥署台灣食品成分資料庫,100,300.9,27.4,56.4,2.8,豆類；每100g；食藥署標示值,137,4
白鳳豆(進口),食藥署台灣食品成分資料庫,100,291.0,20.1,60.0,1.3,豆類；每100g；食藥署標示值,85,5.4
米豆,食藥署台灣食品成分資料庫,100,316.6,21.7,62.2,2.4,豆類；每100g；食藥署標示值,63,7.1
花豆,食藥署台灣食品成分資料庫,100,288.5,21.2,59.0,1.7,豆類；每100g；食藥署標示值,108,7
紅豆,食藥署台灣食品成分資料庫,100,289.8,20.9,61.5,0.6,豆類；每100g；食藥署標示值,87,7.1
紅雲豆(大紅豆),食藥署台灣食品成分資料庫,100,285.2,20.2,60.4,1.4,豆類；每100g；食藥署標示值,138,6.8
青仁黑豆,食藥署台灣食品成分資料庫,100,340.3,37.0,33.7,14.2,豆類；每100g；食藥署標示值,186,6.2
黃仁黑豆,食藥署台灣食品成分資料庫,100,204.9,20.6,40.3,2.1,豆類；每100g；食藥署標示值,167,7.3
發芽黑豆(青仁),食藥署台灣食品成分資料庫,100,160.5,16.1,15.9,7.7,豆類；每100g；食藥署標示值,,
烘烤黑豆,食藥署台灣食品成分資料庫,100,379.2,39.0,32.4,20.1,豆類；每100g；食藥署標示值,204,8
黑豆粉,食藥署台灣食品成分資料庫,100,395.9,36.0,39.0,17.6,豆類；每100g；食藥署標示值,191,8.1
黑豆漿(青仁)(無糖)(2025年取樣),食藥署台灣食品成分資料庫,100,31.1,3.2,1.6,1.9,豆類；每100g；食藥署標示值,,
毛綠豆,食藥署台灣食品成分資料庫,100,311.9,22.1,63.6,1.2,豆類；每100g；食藥署標示值,100,4.2
綠豆,食藥署台灣食品成分資料庫,100,311.9,22.8,63.0,1.1,豆類；每100g；食藥署標示值,108,5.1
綠豆仁,食藥署台灣食品成分資料庫,100,315.3,24.6,59.6,1.3,豆類；每100g；食藥署標示值,28,4.4
綠豆粉,食藥署台灣食品成分資料庫,100,318.6,21.7,62.9,1.5,豆類；每100g；食藥署標示值,74,5.2
豇豆(莢),食藥署台灣食品成分資料庫,100,29.6,2.4,6.2,0.1,豆類；每100g；食藥署標示值,35,0.7
萊豆仁(帶膜),食藥署台灣食品成分資料庫,100,101.9,7.8,20.1,0.4,豆類；每100g；食藥署標示值,17,5.9
萊豆仁(去膜),食藥署台灣食品成分資料庫,100,131.4,7.4,24.7,1.4,豆類；每100g；食藥署標示值,9,2.2
粉豆莢,食藥署台灣食品成分資料庫,100,23.0,1.7,5.0,0.1,豆類；每100g；食藥署標示值,24,3.2
敏豆莢,食藥署台灣食品成分資料庫,100,25.5,1.7,5.3,0.2,豆類；每100g；食藥署標示值,40,0.6
冷凍菜豆(莢),食藥署台灣食品成分資料庫,100,51.8,3.4,10.8,0.1,豆類；每100g；食藥署標示值,86,2.1
毛豆仁,食藥署台灣食品成分資料庫,100,116.0,14.6,12.5,3.3,豆類；每100g；食藥署標示值,44,3.7
毛豆莢(高雄13號),食藥署台灣食品成分資料庫,100,125.9,11.6,13.2,5.1,豆類；每100g；食藥署標示值,74,4
冷凍毛豆仁,食藥署台灣食品成分資料庫,100,121.3,12.5,9.8,6.1,豆類；每100g；食藥署標示值,86,2.9
黃豆,食藥署台灣食品成分資料庫,100,358.8,35.6,33.0,15.7,豆類；每100g；食藥署標示值,194,6.5
黃豆(有機)(2025年取樣),食藥署台灣食品成分資料庫,100,352.7,38.7,31.1,15.4,豆類；每100g；食藥署標示值,,
發芽黃豆,食藥署台灣食品成分資料庫,100,139.2,16.6,16.4,5.4,豆類；每100g；食藥署標示值,,
黃豆粉,食藥署台灣食品成分資料庫,100,373.9,37.4,32.2,16.7,豆類；每100g；食藥署標示值,144,3.7
黃豆粉(有機),食藥署台灣食品成分資料庫,100,405.0,42.0,25.9,21.9,豆類；每100g；食藥署標示值,217,9.1
豆漿(無糖),食藥署台灣食品成分資料庫,100,32.4,3.6,0.7,1.9,豆類；每100g；食藥署標示值,14,0.4
全豆豆漿,食藥署台灣食品成分資料庫,100,35.6,3.9,2.9,1.9,豆類；每100g；食藥署標示值,,
豌豆仁,食藥署台灣食品成分資料庫,100,107.9,9.2,21.7,0.3,豆類；每100g；食藥署標示值,39,2.1
豌豆莢,食藥署台灣食品成分資料庫,100,34.1,2.9,7.1,0.2,豆類；每100g；食藥署標示值,49,1
高山大豌豆莢,食藥署台灣食品成分資料庫,100,43.8,2.4,9.9,0.0,豆類；每100g；食藥署標示值,36,1.2
甜豌豆莢,食藥署台灣食品成分資料庫,100,36.7,3.0,7.4,0.2,豆類；每100g；食藥署標示值,46,2.1
冷凍豌豆仁,食藥署台灣食品成分資料庫,100,79.5,6.1,17.1,0.6,豆類；每100g；食藥署標示值,35,1.7
鵲豆莢,食藥署台灣食品成分資料庫,100,24.3,2.4,5.1,0.3,豆類；每100g；食藥署標示值,44,0.8
紅扁豆仁,食藥署台灣食品成分資料庫,100,307.9,25.3,58.3,2.1,豆類；每100g；食藥署標示值,22,4.2
鷹嘴豆,食藥署台灣食品成分資料庫,100,338.4,19.4,61.0,5.8,豆類；每100g；食藥署標示值,95,5
樹豆(白),食藥署台灣食品成分資料庫,100,270.6,22.1,59.4,0.8,豆類；每100g；食藥署標示值,108,3.7
翼豆,食藥署台灣食品成分資料庫,100,23.7,2.5,4.7,0.4,豆類；每100g；食藥署標示值,86,0.8
天貝(黃豆),食藥署台灣食品成分資料庫,100,175.2,23.6,7.4,9.0,豆類；每100g；食藥署標示值,84,2.1
牛小排平均值,食藥署台灣食品成分資料庫,100,325.0,15.1,0.0,28.9,肉類；每100g；食藥署標示值,9,2.1
去骨牛小排,食藥署台灣食品成分資料庫,100,289.8,17.1,0.0,24.0,肉類；每100g；食藥署標示值,8,2.5
帶骨牛小排,食藥署台灣食品成分資料庫,100,360.2,13.1,0.4,33.7,肉類；每100g；食藥署標示值,10,1.7
無骨牛小排(美牛),食藥署台灣食品成分資料庫,100,335.1,15.6,0.2,29.8,肉類；每100g；食藥署標示值,26,2.1
牛肋條,食藥署台灣食品成分資料庫,100,225.3,18.6,1.1,16.1,肉類；每100g；食藥署標示值,10,2.7
牛肋條(2021年取樣),食藥署台灣食品成分資料庫,100,358.1,15.7,0.3,32.3,肉類；每100g；食藥署標示值,6,1.6
沙朗牛排,食藥署台灣食品成分資料庫,100,162.0,20.4,1.5,8.3,肉類；每100g；食藥署標示值,7,2.5
板腱 ,食藥署台灣食品成分資料庫,100,166.3,19.8,0.2,9.0,肉類；每100g；食藥署標示值,5,2.4
牛去骨肩胛小排,食藥署台灣食品成分資料庫,100,233.5,16.9,1.2,17.9,肉類；每100g；食藥署標示值,6,2.6
牛前胸肉,食藥署台灣食品成分資料庫,100,330.6,14.8,0.0,29.6,肉類；每100g；食藥署標示值,5,2.3
牛修清前胸肉,食藥署台灣食品成分資料庫,100,120.5,22.3,0.9,2.8,肉類；每100g；食藥署標示值,5,2.2
去骨紐約克牛排,食藥署台灣食品成分資料庫,100,199.6,21.3,0.0,12.0,肉類；每100g；食藥署標示值,6,2.3
腓力牛排,食藥署台灣食品成分資料庫,100,184.2,20.6,0.1,10.7,肉類；每100g；食藥署標示值,5,3.4
腓力牛排(美牛)(2025年取樣),食藥署台灣食品成分資料庫,100,142.7,20.7,0.2,6.0,肉類；每100g；食藥署標示值,,
牛後腿肉,食藥署台灣食品成分資料庫,100,121.9,19.4,3.7,4.3,肉類；每100g；食藥署標示值,7,2.8
牛後腿股肉,食藥署台灣食品成分資料庫,100,152.7,20.6,0.8,7.2,肉類；每100g；食藥署標示值,2,2.8
牛後腿腱子心,食藥署台灣食品成分資料庫,100,139.2,19.8,0.0,6.0,肉類；每100g；食藥署標示值,8,3
牛後腿腱子心(2022年取樣),食藥署台灣食品成分資料庫,100,151.1,23.7,4.0,5.5,肉類；每100g；食藥署標示值,6,2.6
牛肉火鍋片平均值,食藥署台灣食品成分資料庫,100,250.3,19.1,0.0,18.7,肉類；每100g；食藥署標示值,5,1.8
牛五花肉火鍋片,食藥署台灣食品成分資料庫,100,430.3,15.7,0.0,40.3,肉類；每100g；食藥署標示值,4,1
牛紐約客火鍋片,食藥署台灣食品成分資料庫,100,262.7,20.1,0.0,19.6,肉類；每100g；食藥署標示值,6,1.3
牛梅花肉火鍋片,食藥署台灣食品成分資料庫,100,120.0,20.3,0.9,3.7,肉類；每100g；食藥署標示值,7,2.5
牛嫩肩里肌火鍋片,食藥署台灣食品成分資料庫,100,188.4,20.0,1.8,11.4,肉類；每100g；食藥署標示值,4,2.4
牛肚平均值,食藥署台灣食品成分資料庫,100,55.8,11.4,0.1,0.8,肉類；每100g；食藥署標示值,44,0.6
牛肚(瘤胃),食藥署台灣食品成分資料庫,100,44.3,7.5,0.0,1.4,肉類；每100g；食藥署標示值,33,0.7
牛肚切片(瘤胃),食藥署台灣食品成分資料庫,100,67.2,15.3,0.3,0.2,肉類；每100g；食藥署標示值,55,0.5
牛肚(蜂巢胃),食藥署台灣食品成分資料庫,100,106.7,19.0,0.0,2.8,肉類；每100g；食藥署標示值,19,0.8
牛筋,食藥署台灣食品成分資料庫,100,157.3,21.7,3.3,7.2,肉類；每100g；食藥署標示值,10,0.9
山羊帶皮羊肉塊,食藥署台灣食品成分資料庫,100,164.4,20.3,3.4,8.6,肉類；每100g；食藥署標示值,12,1.5
山羊前腿肉片,食藥署台灣食品成分資料庫,100,122.5,21.3,0.0,3.5,肉類；每100g；食藥署標示值,9,2.4
山羊後腿肉火鍋片,食藥署台灣食品成分資料庫,100,170.4,18.9,0.1,9.9,肉類；每100g；食藥署標示值,8,3
綿羊肉切片,食藥署台灣食品成分資料庫,100,197.5,18.8,0.0,13.0,肉類；每100g；食藥署標示值,1,0.6
法式羊排,食藥署台灣食品成分資料庫,100,260.2,18.8,0.0,20.0,肉類；每100g；食藥署標示值,12,1.5
去骨肩頸眼羊肉,食藥署台灣食品成分資料庫,100,198.1,17.8,0.0,13.5,肉類；每100g；食藥署標示值,4,2
小羊腰脊肉,食藥署台灣食品成分資料庫,100,143.0,26.5,0.0,3.3,肉類；每100g；食藥署標示值,8,2.2
綿羊腹脅肉火鍋片,食藥署台灣食品成分資料庫,100,252.4,16.9,2.5,20.0,肉類；每100g；食藥署標示值,15,0.9
豬下肩肉,食藥署台灣食品成分資料庫,100,200.0,18.1,0.0,13.6,肉類；每100g；食藥署標示值,3,1.2
豬下肩肉(2025年取樣),食藥署台灣食品成分資料庫,100,197.3,18.2,0.0,13.3,肉類；每100g；食藥署標示值,3,1.2
豬下肩瘦肉,食藥署台灣食品成分資料庫,100,131.2,20.1,0.0,5.0,肉類；每100g；食藥署標示值,4,1.4
豬上肩肉,食藥署台灣食品成分資料庫,100,207.0,18.9,0.0,14.0,肉類；每100g；食藥署標示值,3,1.1
豬肩胛肉,食藥署台灣食品成分資料庫,100,294.7,16.5,0.0,24.8,肉類；每100g；食藥署標示值,3,0.9
豬肩胛排,食藥署台灣食品成分資料庫,100,191.4,17.9,0.0,12.7,肉類；每100g；食藥署標示值,41,1.3
豬肩胛排(2021年取樣),食藥署台灣食品成分資料庫,100,244.4,17.8,0.0,18.7,肉類；每100g；食藥署標示值,7,1.5
豬前腿外腱肉,食藥署台灣食品成分資料庫,100,146.5,20.7,0.0,6.5,肉類；每100g；食藥署標示值,4,1.4
豬後腿外腱肉,食藥署台灣食品成分資料庫,100,184.0,19.0,0.8,11.4,肉類；每100g；食藥署標示值,5,1
豬後腿肉,食藥署台灣食品成分資料庫,100,122.8,20.4,0.4,4.0,肉類；每100g；食藥署標示值,4,1
豬後腿肉(2025年取樣),食藥署台灣食品成分資料庫,100,227.1,18.8,0.0,16.3,肉類；每100g；食藥署標示值,4,1
豬後腿瘦肉,食藥署台灣食品成分資料庫,100,120.4,21.1,0.3,3.4,肉類；每100g；食藥署標示值,3,1.1
豬大里肌,食藥署台灣食品成分資料庫,100,211.7,19.2,0.0,14.4,肉類；每100g；食藥署標示值,4,0.6
豬大排,食藥署台灣食品成分資料庫,100,214.2,19.1,0.0,14.7,肉類；每100g；食藥署標示值,28,1.2
豬小排,食藥署台灣食品成分資料庫,100,287.4,18.0,0.0,23.3,肉類；每100g；食藥署標示值,33,1
僧帽肌,食藥署台灣食品成分資料庫,100,208.6,20.4,0.0,13.5,肉類；每100g；食藥署標示值,4,1.1
豬小里肌,食藥署台灣食品成分資料庫,100,139.3,21.1,0.0,5.4,肉類；每100g；食藥署標示值,4,1.4
豬去皮腹脇肉,食藥署台灣食品成分資料庫,100,360.0,14.9,0.5,32.9,肉類；每100g；食藥署標示值,5,0.6
豬帶皮腹脇肉,食藥署台灣食品成分資料庫,100,368.2,14.5,0.0,33.9,肉類；每100g；食藥署標示值,5,0.5
豬腹脇排,食藥署台灣食品成分資料庫,100,266.9,18.7,0.0,20.7,肉類；每100g；食藥署標示值,7,1.5
豬肝連,食藥署台灣食品成分資料庫,100,219.9,14.6,0.0,17.5,肉類；每100g；食藥署標示值,5,2.8
豬頰肉,食藥署台灣食品成分資料庫,100,182.2,17.5,1.4,11.9,肉類；每100g；食藥署標示值,5,1.8
豬頰肉(2022年取樣),食藥署台灣食品成分資料庫,100,157.0,18.9,2.1,8.4,肉類；每100g；食藥署標示值,19,2.1
豬頸肉,食藥署台灣食品成分資料庫,100,283.8,17.2,0.8,23.3,肉類；每100g；食藥署標示值,3,0.5
豬絞肉平均值,食藥署台灣食品成分資料庫,100,211.6,18.7,0.0,14.6,肉類；每100g；食藥署標示值,9,0.8
豬絞肉(70％瘦肉率),食藥署台灣食品成分資料庫,100,217.9,19.0,0.0,15.2,肉類；每100g；食藥署標示值,12,0.8
豬絞肉(90％瘦肉率),食藥署台灣食品成分資料庫,100,205.4,18.5,0.0,14.0,肉類；每100g；食藥署標示值,5,0.8
豬心,食藥署台灣食品成分資料庫,100,128.0,13.6,1.0,7.8,肉類；每100g；食藥署標示值,3,4.1
豬白管,食藥署台灣食品成分資料庫,100,92.6,14.1,0.0,3.6,肉類；每100g；食藥署標示值,21,0.1
豬皮,食藥署台灣食品成分資料庫,100,490.9,22.1,0.0,44.0,肉類；每100g；食藥署標示值,8,0.3
豬耳,食藥署台灣食品成分資料庫,100,218.9,24.2,0.9,12.8,肉類；每100g；食藥署標示值,16,1.3
豬舌,食藥署台灣食品成分資料庫,100,185.1,18.5,0.0,11.8,肉類；每100g；食藥署標示值,5,3
豬血,食藥署台灣食品成分資料庫,100,29.4,6.3,0.5,0.3,肉類；每100g；食藥署標示值,7,28
豬尾,食藥署台灣食品成分資料庫,100,294.9,16.2,7.1,25.0,肉類；每100g；食藥署標示值,9,1
豬肝,食藥署台灣食品成分資料庫,100,136.5,20.8,1.7,5.3,肉類；每100g；食藥署標示值,4,10.2
豬肚,食藥署台灣食品成分資料庫,100,152.0,12.4,0.0,11.0,肉類；每100g；食藥署標示值,5,1
熟豬肚,食藥署台灣食品成分資料庫,100,136.5,16.0,2.7,7.5,肉類；每100g；食藥署標示值,17,1.8
豬油渣,食藥署台灣食品成分資料庫,100,836.9,17.4,0.0,84.5,肉類；每100g；食藥署標示值,8,1.9
豬骨湯平均值,食藥署台灣食品成分資料庫,100,7.9,0.9,0.0,0.4,肉類；每100g；食藥署標示值,0,0.1
豬大骨湯,食藥署台灣食品成分資料庫,100,7.0,1.0,0.4,0.3,肉類；每100g；食藥署標示值,0,0
豬肋骨湯,食藥署台灣食品成分資料庫,100,8.7,0.7,0.0,0.6,肉類；每100g；食藥署標示值,0,0.2
豬肩骨湯,食藥署台灣食品成分資料庫,100,8.0,1.1,0.2,0.3,肉類；每100g；食藥署標示值,1,0
豬軟骨,食藥署台灣食品成分資料庫,100,332.0,15.6,0.0,29.4,肉類；每100g；食藥署標示值,12,1
豬腎,食藥署台灣食品成分資料庫,100,81.5,15.0,1.7,1.9,肉類；每100g；食藥署標示值,7,7.2
豬脾臟,食藥署台灣食品成分資料庫,100,78.8,15.0,2.0,1.6,肉類；每100g；食藥署標示值,5,6.7
豬大腸,食藥署台灣食品成分資料庫,100,198.2,6.6,1.9,18.9,肉類；每100g；食藥署標示值,15,1.7
豬小腸,食藥署台灣食品成分資料庫,100,156.0,12.5,0.6,11.4,肉類；每100g；食藥署標示值,8,2.6
豬空腸,食藥署台灣食品成分資料庫,100,185.6,10.9,8.6,15.4,肉類；每100g；食藥署標示值,7,1.4
豬前腳,食藥署台灣食品成分資料庫,100,252.0,21.9,0.0,17.6,肉類；每100g；食藥署標示值,33,1
豬後腳,食藥署台灣食品成分資料庫,100,252.9,19.5,0.0,18.8,肉類；每100g；食藥署標示值,7,0.6
豬蹄膀,食藥署台灣食品成分資料庫,100,331.0,17.1,0.0,28.6,肉類；每100g；食藥署標示值,5,1
豬腳筋,食藥署台灣食品成分資料庫,100,71.6,14.4,0.0,1.1,肉類；每100g；食藥署標示值,21,0.2
豬腦,食藥署台灣食品成分資料庫,100,124.6,10.8,0.0,8.7,肉類；每100g；食藥署標示值,3,2.1
土雞,食藥署台灣食品成分資料庫,100,196.0,19.0,0.0,12.7,肉類；每100g；食藥署標示值,10,1.3
肉雞,食藥署台灣食品成分資料庫,100,248.2,16.1,0.0,19.9,肉類；每100g；食藥署標示值,1,0.4
烏骨雞,食藥署台灣食品成分資料庫,100,212.2,17.9,0.9,15.1,肉類；每100g；食藥署標示值,7,1.1
里肌肉平均值,食藥署台灣食品成分資料庫,100,109.1,24.2,0.0,0.6,肉類；每100g；食藥署標示值,3,0.5
里肌肉(土雞),食藥署台灣食品成分資料庫,100,111.6,24.8,0.0,0.6,肉類；每100g；食藥署標示值,4,0.4
里肌肉(肉雞),食藥署台灣食品成分資料庫,100,106.5,23.7,0.0,0.6,肉類；每100g；食藥署標示值,2,0.7
帶骨去皮對切胸(肉雞),食藥署台灣食品成分資料庫,100,103.8,22.4,0.0,0.9,肉類；每100g；食藥署標示值,1,0.4
帶骨帶皮對切胸(肉雞),食藥署台灣食品成分資料庫,100,218.6,19.3,0.0,15.1,肉類；每100g；食藥署標示值,9,0.5
去皮清肉平均值,食藥署台灣食品成分資料庫,100,118.8,23.3,0.0,2.1,肉類；每100g；食藥署標示值,4,0.7
去皮清肉(土雞),食藥署台灣食品成分資料庫,100,120.8,23.4,0.0,2.3,肉類；每100g；食藥署標示值,4,0.9
去皮清肉(肉雞),食藥署台灣食品成分資料庫,100,116.8,23.3,0.6,1.9,肉類；每100g；食藥署標示值,4,0.4
骨腿平均值,食藥署台灣食品成分資料庫,100,162.8,18.0,0.2,9.5,肉類；每100g；食藥署標示值,10,1.7
骨腿(土雞),食藥署台灣食品成分資料庫,100,129.6,21.7,0.0,4.1,肉類；每100g；食藥署標示值,8,1.7
骨腿(肉雞),食藥署台灣食品成分資料庫,100,195.9,14.4,1.7,14.9,肉類；每100g；食藥署標示值,12,1.8
清腿平均值,食藥署台灣食品成分資料庫,100,157.5,18.5,0.0,8.7,肉類；每100g；食藥署標示值,4,0.9
清腿(土雞),食藥署台灣食品成分資料庫,100,142.1,20.4,0.0,6.1,肉類；每100g；食藥署標示值,1,0.6
清腿(肉雞),食藥署台灣食品成分資料庫,100,172.8,16.6,0.0,11.3,肉類；每100g；食藥署標示值,7,1.2
棒棒腿平均值,食藥署台灣食品成分資料庫,100,151.2,18.9,0.0,7.8,肉類；每100g；食藥署標示值,5,1
棒棒腿(土雞),食藥署台灣食品成分資料庫,100,142.9,21.0,0.0,5.9,肉類；每100g；食藥署標示值,2,0.6
棒棒腿(肉雞),食藥署台灣食品成分資料庫,100,159.5,16.8,0.3,9.7,肉類；每100g；食藥署標示值,8,1.4
雞排平均值,食藥署台灣食品成分資料庫,100,183.2,17.1,0.0,12.2,肉類；每100g；食藥署標示值,6,0.9
雞排(土雞),食藥署台灣食品成分資料庫,100,158.3,18.9,0.0,8.6,肉類；每100g；食藥署標示值,4,0.8
雞排(肉雞),食藥署台灣食品成分資料庫,100,208.2,15.3,0.0,15.8,肉類；每100g；食藥署標示值,8,1
雞排(肉雞)(2021年取樣),食藥署台灣食品成分資料庫,100,251.1,14.9,0.0,20.8,肉類；每100g；食藥署標示值,9,0.7
去皮去骨雞腿(肉雞),食藥署台灣食品成分資料庫,100,164.7,19.8,0.0,8.9,肉類；每100g；食藥署標示值,6,0.8
二節翅平均值,食藥署台灣食品成分資料庫,100,225.6,18.1,0.0,16.4,肉類；每100g；食藥署標示值,8,0.6
二節翅(土雞),食藥署台灣食品成分資料庫,100,228.0,19.8,0.0,15.9,肉類；每100g；食藥署標示值,6,0.5
二節翅(肉雞),食藥署台灣食品成分資料庫,100,223.2,16.4,0.6,17.0,肉類；每100g；食藥署標示值,10,0.8
三節翅平均值,食藥署台灣食品成分資料庫,100,210.3,18.3,0.0,14.6,肉類；每100g；食藥署標示值,8,0.5
三節翅(土雞),食藥署台灣食品成分資料庫,100,198.4,19.0,0.0,13.0,肉類；每100g；食藥署標示值,5,0.4
三節翅(肉雞),食藥署台灣食品成分資料庫,100,222.2,17.7,0.0,16.3,肉類；每100g；食藥署標示值,11,0.7
三節翅(肉雞)(2025年取樣),食藥署台灣食品成分資料庫,100,176.6,18.9,0.6,10.6,肉類；每100g；食藥署標示值,11,0.7
翅腿(肉雞),食藥署台灣食品成分資料庫,100,209.7,17.8,1.0,14.8,肉類；每100g；食藥署標示值,7,0.7
雞絞肉,食藥署台灣食品成分資料庫,100,131.3,27.4,0.0,1.6,肉類；每100g；食藥署標示值,5,0.5
雞心(肉雞),食藥署台灣食品成分資料庫,100,189.7,13.3,0.1,14.8,肉類；每100g；食藥署標示值,4,4.4
雞心(肉雞)(2021年取樣),食藥署台灣食品成分資料庫,100,204.4,14.4,1.2,15.8,肉類；每100g；食藥署標示值,6,4.3
雞尾椎,食藥署台灣食品成分資料庫,100,452.3,9.0,0.1,45.9,肉類；每100g；食藥署標示值,7,0.5
雞肝(肉雞),食藥署台灣食品成分資料庫,100,111.3,18.8,2.7,3.5,肉類；每100g；食藥署標示值,4,3
雞胗(肉雞),食藥署台灣食品成分資料庫,100,89.0,16.6,0.3,2.0,肉類；每100g；食藥署標示值,7,2.2
雞胸骨湯,食藥署台灣食品成分資料庫,100,8.8,1.5,0.2,0.3,肉類；每100g；食藥署標示值,2,0.1
雞睪丸,食藥署台灣食品成分資料庫,100,70.7,10.6,0.2,2.8,肉類；每100g；食藥署標示值,8,0.9
雞腳(肉雞),食藥署台灣食品成分資料庫,100,208.5,20.7,1.2,13.3,肉類；每100g；食藥署標示值,24,0.8
雞膝軟骨(肉雞),食藥署台灣食品成分資料庫,100,107.1,20.4,0.5,2.2,肉類；每100g；食藥署標示值,21,0.3
雞皮(肉雞),食藥署台灣食品成分資料庫,100,441.7,11.7,0.0,43.4,肉類；每100g；食藥署標示值,4,0.6
太空鴨,食藥署台灣食品成分資料庫,100,319.2,16.0,0.0,27.8,肉類；每100g；食藥署標示值,10,2.9
番鴨,食藥署台灣食品成分資料庫,100,228.8,18.2,0.0,16.7,肉類；每100g；食藥署標示值,4,3
太空鴨(去皮),食藥署台灣食品成分資料庫,100,101.9,20.1,0.0,1.8,肉類；每100g；食藥署標示值,11,2.4
土番鴨,食藥署台灣食品成分資料庫,100,110.9,20.9,0.0,2.4,肉類；每100g；食藥署標示值,4,3.8
櫻桃鴨胸肉片,食藥署台灣食品成分資料庫,100,226.5,16.7,4.7,17.2,肉類；每100g；食藥署標示值,5,3
鴨腿,食藥署台灣食品成分資料庫,100,282.2,14.4,3.4,24.5,肉類；每100g；食藥署標示值,6,2.3
鴨血,食藥署台灣食品成分資料庫,100,28.8,6.0,0.0,0.3,肉類；每100g；食藥署標示值,5,15.6
鴨胗,食藥署台灣食品成分資料庫,100,97.3,20.5,0.3,1.1,肉類；每100g；食藥署標示值,3,5.2
去骨鴨掌,食藥署台灣食品成分資料庫,100,113.5,12.6,0.0,6.6,肉類；每100g；食藥署標示值,146,0.5
鴨腸,食藥署台灣食品成分資料庫,100,93.7,13.8,0.0,3.9,肉類；每100g；食藥署標示值,27,1.5
鴨翅,食藥署台灣食品成分資料庫,100,170.3,22.8,0.0,8.1,肉類；每100g；食藥署標示值,14,1.8
鴨頭,食藥署台灣食品成分資料庫,100,199.0,16.5,0.0,14.3,肉類；每100g；食藥署標示值,20,2.4
鴨舌,食藥署台灣食品成分資料庫,100,187.2,16.0,0.0,13.2,肉類；每100g；食藥署標示值,623,1.9
鵝肉,食藥署台灣食品成分資料庫,100,187.5,15.6,2.4,13.4,肉類；每100g；食藥署標示值,11,1.9
鵝胸肉,食藥署台灣食品成分資料庫,100,120.3,23.5,0.2,2.2,肉類；每100g；食藥署標示值,8,3.1
鵝腿肉,食藥署台灣食品成分資料庫,100,130.4,21.7,0.0,4.2,肉類；每100g；食藥署標示值,8,0.8
鵝心,食藥署台灣食品成分資料庫,100,241.4,14.5,0.0,19.9,肉類；每100g；食藥署標示值,8,6.1
鵝肝,食藥署台灣食品成分資料庫,100,123.0,20.5,0.6,3.9,肉類；每100g；食藥署標示值,7,44.6
鵝胗,食藥署台灣食品成分資料庫,100,95.3,17.4,2.8,2.3,肉類；每100g；食藥署標示值,7,3.4
鵝腸,食藥署台灣食品成分資料庫,100,62.9,9.2,0.7,2.6,肉類；每100g；食藥署標示值,42,2.2
火雞肉,食藥署台灣食品成分資料庫,100,140.6,21.1,0.0,5.6,肉類；每100g；食藥署標示值,3,1
鴕鳥菲力肉排,食藥署台灣食品成分資料庫,100,105.1,22.8,0.8,0.8,肉類；每100g；食藥署標示值,8,3.2
鴕鳥沙朗肉排,食藥署台灣食品成分資料庫,100,96.7,20.9,6.1,0.8,肉類；每100g；食藥署標示值,4,3.7
鴕腱肉,食藥署台灣食品成分資料庫,100,107.5,18.7,0.2,3.1,肉類；每100g；食藥署標示值,5,2.9
鴕腩肉,食藥署台灣食品成分資料庫,100,143.6,21.2,0.7,5.9,肉類；每100g；食藥署標示值,6,1.8
山豬肉片,食藥署台灣食品成分資料庫,100,465.6,11.9,0.0,46.0,肉類；每100g；食藥署標示值,7,0.9
虎皮蛙,食藥署台灣食品成分資料庫,100,93.7,21.1,0.6,0.4,肉類；每100g；食藥署標示值,16,0.7
蛇肉,食藥署台灣食品成分資料庫,100,84.7,19.0,0.0,0.4,肉類；每100g；食藥署標示值,157,2.1
雙髻鯊,食藥署台灣食品成分資料庫,100,117.3,27.4,0.0,0.1,魚貝類；每100g；食藥署標示值,4,0.8
雙髻鯊腹肉,食藥署台灣食品成分資料庫,100,110.2,25.8,0.0,0.0,魚貝類；每100g；食藥署標示值,5,0.5
鯊魚切片,食藥署台灣食品成分資料庫,100,106.0,24.8,0.0,0.0,魚貝類；每100g；食藥署標示值,5,0.7
鱘龍魚片,食藥署台灣食品成分資料庫,100,157.0,20.1,0.1,7.9,魚貝類；每100g；食藥署標示值,,
魟魚,食藥署台灣食品成分資料庫,100,106.4,24.8,0.0,0.1,魚貝類；每100g；食藥署標示值,4,0.8
日本鰻鱺魚片(生),食藥署台灣食品成分資料庫,100,253.7,18.1,0.0,19.6,魚貝類；每100g；食藥署標示值,113,0.4
灰海鰻,食藥署台灣食品成分資料庫,100,96.6,20.5,0.0,1.0,魚貝類；每100g；食藥署標示值,62,0.3
魩仔魚,食藥署台灣食品成分資料庫,100,55.6,11.1,0.0,0.9,魚貝類；每100g；食藥署標示值,157,0.1
魩仔魚平均值(加工),食藥署台灣食品成分資料庫,100,123.8,26.2,1.0,1.3,魚貝類；每100g；食藥署標示值,358,0.5
"魩仔魚(加工,大)",食藥署台灣食品成分資料庫,100,96.9,20.7,1.1,1.0,魚貝類；每100g；食藥署標示值,259,0
"魩仔魚(加工,小)",食藥署台灣食品成分資料庫,100,150.8,31.8,0.9,1.7,魚貝類；每100g；食藥署標示值,458,1
魩仔魚(加工),食藥署台灣食品成分資料庫,100,105.2,23.0,0.0,0.8,魚貝類；每100g；食藥署標示值,439,1.2
鱙仔魚(加工),食藥署台灣食品成分資料庫,100,101.5,21.0,0.0,1.3,魚貝類；每100g；食藥署標示值,,
日本銀帶鯡(加工),食藥署台灣食品成分資料庫,100,111.2,21.5,1.2,2.1,魚貝類；每100g；食藥署標示值,714,2.8
日本銀帶鯡魚干(丁香魚脯),食藥署台灣食品成分資料庫,100,274.8,51.8,1.7,6.0,魚貝類；每100g；食藥署標示值,1723,5.7
虱目魚平均值(去皮),食藥署台灣食品成分資料庫,100,178.9,21.8,0.2,9.5,魚貝類；每100g；食藥署標示值,16,0.6
虱目魚(2月),食藥署台灣食品成分資料庫,100,179.9,19.8,1.3,10.6,魚貝類；每100g；食藥署標示值,21,0.6
虱目魚(5月),食藥署台灣食品成分資料庫,100,189.4,22.3,0.0,10.4,魚貝類；每100g；食藥署標示值,9,1.3
虱目魚(8月),食藥署台灣食品成分資料庫,100,124.4,23.7,0.5,2.6,魚貝類；每100g；食藥署標示值,13,0.6
虱目魚(9月),食藥署台灣食品成分資料庫,100,208.3,22.0,0.0,12.7,魚貝類；每100g；食藥署標示值,12,0.1
虱目魚(12月),食藥署台灣食品成分資料庫,100,192.3,21.4,0.1,11.2,魚貝類；每100g；食藥署標示值,27,0.4
虱目魚(含皮),食藥署台灣食品成分資料庫,100,200.4,21.8,0.0,11.9,魚貝類；每100g；食藥署標示值,16,0.7
虱目魚(2022年取樣),食藥署台灣食品成分資料庫,100,242.5,20.1,1.4,17.4,魚貝類；每100g；食藥署標示值,21,0.5
虱目魚腹肉(虱目魚肚),食藥署台灣食品成分資料庫,100,341.8,17.4,0.0,29.6,魚貝類；每100g；食藥署標示值,6,1.1
草魚切片,食藥署台灣食品成分資料庫,100,166.4,21.4,2.1,8.3,魚貝類；每100g；食藥署標示值,10,0.5
草魚(含皮),食藥署台灣食品成分資料庫,100,91.5,17.2,0.8,2.0,魚貝類；每100g；食藥署標示值,63,0.7
鯉,食藥署台灣食品成分資料庫,100,90.8,14.5,2.1,3.2,魚貝類；每100g；食藥署標示值,21,1.2
鱅,食藥署台灣食品成分資料庫,100,144.8,18.7,0.0,7.2,魚貝類；每100g；食藥署標示值,37,0.6
鬍鯰,食藥署台灣食品成分資料庫,100,194.1,16.3,0.0,13.8,魚貝類；每100g；食藥署標示值,4,1.1
斑海鯰,食藥署台灣食品成分資料庫,100,86.0,19.2,0.0,0.5,魚貝類；每100g；食藥署標示值,5,1.3
長體油胡瓜魚,食藥署台灣食品成分資料庫,100,103.8,15.0,0.0,4.4,魚貝類；每100g；食藥署標示值,246,0
香魚,食藥署台灣食品成分資料庫,100,146.8,18.5,0.0,7.5,魚貝類；每100g；食藥署標示值,27,0.6
銀魚,食藥署台灣食品成分資料庫,100,69.3,14.3,0.9,0.9,魚貝類；每100g；食藥署標示值,274,0
白肉鮭魚切片,食藥署台灣食品成分資料庫,100,151.2,22.6,0.3,6.1,魚貝類；每100g；食藥署標示值,38,0.7
紅肉鮭魚切片,食藥署台灣食品成分資料庫,100,157.9,24.3,0.0,6.0,魚貝類；每100g；食藥署標示值,8,0
大西洋鮭魚平均值(去皮),食藥署台灣食品成分資料庫,100,220.6,20.2,0.0,14.9,魚貝類；每100g；食藥署標示值,6,0.1
大西洋鮭魚(台灣養殖),食藥署台灣食品成分資料庫,100,154.9,23.6,0.0,6.0,魚貝類；每100g；食藥署標示值,9,0
大西洋鮭魚切片(中段),食藥署台灣食品成分資料庫,100,173.7,20.7,0.0,9.5,魚貝類；每100g；食藥署標示值,6,0
大西洋鮭魚切片(尾段),食藥署台灣食品成分資料庫,100,203.5,20.7,0.0,12.8,魚貝類；每100g；食藥署標示值,7,0
大西洋鮭魚生魚片,食藥署台灣食品成分資料庫,100,221.8,19.6,0.0,15.3,魚貝類；每100g；食藥署標示值,6,0
大西洋鮭魚腹肉,食藥署台灣食品成分資料庫,100,349.2,16.4,0.0,31.0,魚貝類；每100g；食藥署標示值,4,0.3
麥奇鈎吻鮭(去皮),食藥署台灣食品成分資料庫,100,159.8,20.9,0.0,7.8,魚貝類；每100g；食藥署標示值,7,0.9
麥奇鈎吻鮭(含皮),食藥署台灣食品成分資料庫,100,147.2,20.1,0.4,6.8,魚貝類；每100g；食藥署標示值,44,0.4
姬魚,食藥署台灣食品成分資料庫,100,104.5,24.1,0.0,0.2,魚貝類；每100g；食藥署標示值,87,1
印度鐮齒魚,食藥署台灣食品成分資料庫,100,48.6,10.4,0.4,0.5,魚貝類；每100g；食藥署標示值,15,0.7
狗母魚(蛇鯔),食藥署台灣食品成分資料庫,100,103.1,20.8,0.1,1.6,魚貝類；每100g；食藥署標示值,5,0.3
鮟鱇,食藥署台灣食品成分資料庫,100,67.7,14.9,0.6,0.5,魚貝類；每100g；食藥署標示值,8,0.4
鯔平均值(去皮),食藥署台灣食品成分資料庫,100,152.4,20.6,0.3,7.1,魚貝類；每100g；食藥署標示值,9,1.3
鯔(2月),食藥署台灣食品成分資料庫,100,137.1,20.4,1.6,5.5,魚貝類；每100g；食藥署標示值,13,0.9
鯔(4月),食藥署台灣食品成分資料庫,100,132.5,20.4,0.9,5.0,魚貝類；每100g；食藥署標示值,8,1.1
鯔(8月),食藥署台灣食品成分資料庫,100,223.9,17.3,0.0,16.7,魚貝類；每100g；食藥署標示值,14,0.4
"鯔(11月,雄魚)",食藥署台灣食品成分資料庫,100,129.1,21.3,0.0,4.2,魚貝類；每100g；食藥署標示值,8,1
"鯔(11月,雌魚)",食藥署台灣食品成分資料庫,100,140.9,21.5,0.0,5.5,魚貝類；每100g；食藥署標示值,7,0.8
"鯔(12月,雄魚)",食藥署台灣食品成分資料庫,100,137.1,21.1,0.9,5.2,魚貝類；每100g；食藥署標示值,9,2.4
"鯔(12月,雌魚)",食藥署台灣食品成分資料庫,100,149.1,21.8,0.2,6.2,魚貝類；每100g；食藥署標示值,7,2.5
鯔切片,食藥署台灣食品成分資料庫,100,169.6,21.2,0.0,8.8,魚貝類；每100g；食藥署標示值,8,1
鯔(含皮),食藥署台灣食品成分資料庫,100,154.9,20.6,0.0,7.4,魚貝類；每100g；食藥署標示值,7,1.2
斑鰭飛魚,食藥署台灣食品成分資料庫,100,94.5,22.0,0.2,0.1,魚貝類；每100g；食藥署標示值,12,0.7
斑鱵,食藥署台灣食品成分資料庫,100,91.0,20.6,0.3,0.3,魚貝類；每100g；食藥署標示值,31,0.4
鱷形叉尾鶴鱵,食藥署台灣食品成分資料庫,100,97.7,22.4,0.1,0.2,魚貝類；每100g；食藥署標示值,304,0.6
金鱗魚,食藥署台灣食品成分資料庫,100,84.7,19.5,1.3,0.1,魚貝類；每100g；食藥署標示值,7,0.5
鱗馬鞭魚,食藥署台灣食品成分資料庫,100,83.8,18.5,0.0,0.5,魚貝類；每100g；食藥署標示值,11,0.2
黃鱔,食藥署台灣食品成分資料庫,100,88.1,17.6,1.0,1.4,魚貝類；每100g；食藥署標示值,39,4
石狗公,食藥署台灣食品成分資料庫,100,80.0,18.3,0.0,0.2,魚貝類；每100g；食藥署標示值,26,0.2
環紋簑鮋,食藥署台灣食品成分資料庫,100,79.5,18.4,0.0,0.1,魚貝類；每100g；食藥署標示值,13,0.2
深海鱗角魚,食藥署台灣食品成分資料庫,100,80.0,17.7,0.0,0.5,魚貝類；每100g；食藥署標示值,7,0.6
尖嘴鱸(去皮),食藥署台灣食品成分資料庫,100,98.3,20.6,0.1,1.2,魚貝類；每100g；食藥署標示值,12,0.7
尖嘴鱸(含皮),食藥署台灣食品成分資料庫,100,107.1,19.6,0.0,2.6,魚貝類；每100g；食藥署標示值,19,0.3
日本花鱸平均值,食藥署台灣食品成分資料庫,100,97.9,19.9,0.9,1.5,魚貝類；每100g；食藥署標示值,17,0.4
日本花鱸(2月),食藥署台灣食品成分資料庫,100,94.8,20.1,1.9,1.0,魚貝類；每100g；食藥署標示值,14,0.5
日本花鱸((3月),食藥署台灣食品成分資料庫,100,99.7,20.0,0.5,1.6,魚貝類；每100g；食藥署標示值,10,0.3
日本花鱸((8月),食藥署台灣食品成分資料庫,100,95.3,19.0,1.5,1.6,魚貝類；每100g；食藥署標示值,7,0.4
日本花鱸((11月),食藥署台灣食品成分資料庫,100,99.1,20.5,0.1,1.3,魚貝類；每100g；食藥署標示值,27,0.3
日本花鱸((12月),食藥署台灣食品成分資料庫,100,100.5,19.6,0.4,1.9,魚貝類；每100g；食藥署標示值,25,0.4
日本花鱸(含皮),食藥署台灣食品成分資料庫,100,111.1,19.2,0.8,3.2,魚貝類；每100g；食藥署標示值,3,0.3
白鱸,食藥署台灣食品成分資料庫,100,76.5,17.7,1.0,0.1,魚貝類；每100g；食藥署標示值,4,0.6
條紋狼鱸,食藥署台灣食品成分資料庫,100,146.8,21.4,0.0,6.2,魚貝類；每100g；食藥署標示值,17,1.3
鱖,食藥署台灣食品成分資料庫,100,89.3,17.7,0.0,1.5,魚貝類；每100g；食藥署標示值,16,0
白緣星鱠,食藥署台灣食品成分資料庫,100,101.0,19.9,0.0,1.8,魚貝類；每100g；食藥署標示值,13,0.2
青星九刺鮨平均值,食藥署台灣食品成分資料庫,100,93.5,20.9,0.0,0.5,魚貝類；每100g；食藥署標示值,6,0.2
青星九刺鮨,食藥署台灣食品成分資料庫,100,83.3,19.3,0.5,0.1,魚貝類；每100g；食藥署標示值,4,0.3
青星九刺鮨魚片,食藥署台灣食品成分資料庫,100,103.7,22.6,0.0,0.8,魚貝類；每100g；食藥署標示值,7,0
斑帶石斑魚,食藥署台灣食品成分資料庫,100,90.5,20.2,0.0,0.5,魚貝類；每100g；食藥署標示值,19,0
龍虎石斑魚,食藥署台灣食品成分資料庫,100,121.8,20.6,1.2,3.8,魚貝類；每100g；食藥署標示值,24,0
斑點九刺鮨(去皮),食藥署台灣食品成分資料庫,100,81.7,18.8,0.9,0.2,魚貝類；每100g；食藥署標示值,17,0
斑點九刺鮨(含皮),食藥署台灣食品成分資料庫,100,83.8,19.4,0.0,0.1,魚貝類；每100g；食藥署標示值,6,0.5
棕點石斑魚,食藥署台灣食品成分資料庫,100,115.3,19.1,0.0,3.7,魚貝類；每100g；食藥署標示值,13,0.9
鞍帶石斑魚片,食藥署台灣食品成分資料庫,100,155.4,19.1,0.2,8.2,魚貝類；每100g；食藥署標示值,11,0.3
駝背鱸,食藥署台灣食品成分資料庫,100,82.7,18.1,0.0,0.6,魚貝類；每100g；食藥署標示值,24,0.2
橫紋九刺鮨,食藥署台灣食品成分資料庫,100,85.3,19.2,0.0,0.3,魚貝類；每100g；食藥署標示值,20,0
大口黑鱸,食藥署台灣食品成分資料庫,100,130.0,20.7,0.0,4.6,魚貝類；每100g；食藥署標示值,17,1.2
日本紅目大眼鯛,食藥署台灣食品成分資料庫,100,97.2,19.6,0.0,1.5,魚貝類；每100g；食藥署標示值,12,0.4
血斑異大眼鯛,食藥署台灣食品成分資料庫,100,93.4,20.6,0.0,0.6,魚貝類；每100g；食藥署標示值,7,0.3
多鱗沙鮻,食藥署台灣食品成分資料庫,100,90.2,18.6,0.6,1.2,魚貝類；每100g；食藥署標示值,54,0.3
日本馬頭魚,食藥署台灣食品成分資料庫,100,85.1,18.7,0.0,0.6,魚貝類；每100g；食藥署標示值,9,0.3
白馬頭魚,食藥署台灣食品成分資料庫,100,91.0,19.2,0.1,1.0,魚貝類；每100g；食藥署標示值,9,0.3
鬼頭刀魚片,食藥署台灣食品成分資料庫,100,77.8,17.2,0.0,0.5,魚貝類；每100g；食藥署標示值,13,0.7
鬼頭刀,食藥署台灣食品成分資料庫,100,106.6,21.8,0.0,1.5,魚貝類；每100g；食藥署標示值,6,0.7
海鱺,食藥署台灣食品成分資料庫,100,106.0,20.4,0.0,2.1,魚貝類；每100g；食藥署標示值,6,0.3
海鱺魚片,食藥署台灣食品成分資料庫,100,264.0,19.3,0.0,20.1,魚貝類；每100g；食藥署標示值,7,0
大口逆鈎鰺,食藥署台灣食品成分資料庫,100,103.0,21.8,0.1,1.1,魚貝類；每100g；食藥署標示值,2,0.8
大甲鰺,食藥署台灣食品成分資料庫,100,105.0,21.2,0.4,1.6,魚貝類；每100g；食藥署標示值,136,2
日本竹筴魚,食藥署台灣食品成分資料庫,100,116.4,23.0,0.0,2.0,魚貝類；每100g；食藥署標示值,73,1.4
布氏鯧鰺(去皮),食藥署台灣食品成分資料庫,100,191.8,20.3,0.0,11.7,魚貝類；每100g；食藥署標示值,21,0.6
布氏鯧鰺(含皮),食藥署台灣食品成分資料庫,100,190.2,17.5,0.0,12.8,魚貝類；每100g；食藥署標示值,20,0.8
杜氏鰤,食藥署台灣食品成分資料庫,100,115.0,21.9,0.2,2.4,魚貝類；每100g；食藥署標示值,7,0.8
長鰭鰤魚,食藥署台灣食品成分資料庫,100,114.4,22.8,2.7,1.9,魚貝類；每100g；食藥署標示值,103,1.5
范氏副葉鰺,食藥署台灣食品成分資料庫,100,108.3,20.9,2.1,2.1,魚貝類；每100g；食藥署標示值,9,0
泰勃圓鰺,食藥署台灣食品成分資料庫,100,112.6,22.8,1.4,1.7,魚貝類；每100g；食藥署標示值,5,2.9
烏鯧,食藥署台灣食品成分資料庫,100,94.2,20.4,0.0,0.8,魚貝類；每100g；食藥署標示值,8,0.6
無斑圓鰺,食藥署台灣食品成分資料庫,100,119.2,23.9,0.0,1.9,魚貝類；每100g；食藥署標示值,7,1
藍圓鰺,食藥署台灣食品成分資料庫,100,114.1,24.0,0.0,1.3,魚貝類；每100g；食藥署標示值,12,1.3
雙帶鰺,食藥署台灣食品成分資料庫,100,118.2,22.6,0.0,2.4,魚貝類；每100g；食藥署標示值,864,1
眼眶魚,食藥署台灣食品成分資料庫,100,112.6,20.2,0.2,2.9,魚貝類；每100g；食藥署標示值,9,1.7
斯氏長鰭烏魴,食藥署台灣食品成分資料庫,100,96.5,22.4,0.0,0.1,魚貝類；每100g；食藥署標示值,2,0.8
史氏紅諧魚,食藥署台灣食品成分資料庫,100,96.7,21.1,0.0,0.7,魚貝類；每100g；食藥署標示值,11,0
希氏姬鯛,食藥署台灣食品成分資料庫,100,90.9,21.1,0.5,0.1,魚貝類；每100g；食藥署標示值,3,2
赤鰭笛鯛,食藥署台灣食品成分資料庫,100,88.0,20.4,0.0,0.1,魚貝類；每100g；食藥署標示值,12,0.4
孟加拉笛鯛,食藥署台灣食品成分資料庫,100,87.3,19.8,0.0,0.3,魚貝類；每100g；食藥署標示值,30,1
前鱗笛鯛,食藥署台灣食品成分資料庫,100,101.3,22.0,0.9,0.8,魚貝類；每100g；食藥署標示值,17,0
馬拉巴笛鯛,食藥署台灣食品成分資料庫,100,86.3,20.2,0.0,0.0,魚貝類；每100g；食藥署標示值,5,0.7
單斑笛鯛,食藥署台灣食品成分資料庫,100,105.5,20.7,0.0,1.9,魚貝類；每100g；食藥署標示值,4,0.5
黃擬烏尾鮗,食藥署台灣食品成分資料庫,100,80.3,18.7,0.3,0.1,魚貝類；每100g；食藥署標示值,9,0.5
葉唇笛鯛,食藥署台灣食品成分資料庫,100,118.1,19.9,0.0,3.7,魚貝類；每100g；食藥署標示值,91,0.2
松鯛,食藥署台灣食品成分資料庫,100,98.5,18.2,0.1,2.3,魚貝類；每100g；食藥署標示值,5,0.5
三線磯鱸,食藥署台灣食品成分資料庫,100,129.8,19.0,0.6,5.4,魚貝類；每100g；食藥署標示值,7,0.6
星雞魚,食藥署台灣食品成分資料庫,100,98.5,20.6,0.4,1.2,魚貝類；每100g；食藥署標示值,6,0.7
密點少棘胡椒鯛,食藥署台灣食品成分資料庫,100,94.1,19.5,0.0,1.2,魚貝類；每100g；食藥署標示值,4,0.4
金線魚,食藥署台灣食品成分資料庫,100,119.0,20.9,0.0,3.3,魚貝類；每100g；食藥署標示值,21,0.2
青嘴龍占魚,食藥署台灣食品成分資料庫,100,127.9,22.7,0.0,3.4,魚貝類；每100g；食藥署標示值,311,1
網紋龍占魚,食藥署台灣食品成分資料庫,100,101.2,21.7,0.0,0.9,魚貝類；每100g；食藥署標示值,30,0.4
平鯛,食藥署台灣食品成分資料庫,100,158.3,21.0,0.5,7.6,魚貝類；每100g；食藥署標示值,13,0.6
阿部牙鯛,食藥署台灣食品成分資料庫,100,123.7,18.9,0.0,4.8,魚貝類；每100g；食藥署標示值,12,0.2
真鯛平均值(去皮),食藥署台灣食品成分資料庫,100,110.1,20.6,0.2,2.5,魚貝類；每100g；食藥署標示值,9,0.5
真鯛(1月),食藥署台灣食品成分資料庫,100,100.0,20.1,0.7,1.6,魚貝類；每100g；食藥署標示值,11,0.6
真鯛(3月),食藥署台灣食品成分資料庫,100,100.6,20.8,0.7,1.3,魚貝類；每100g；食藥署標示值,9,0.4
真鯛(5月),食藥署台灣食品成分資料庫,100,86.7,20.0,0.0,0.1,魚貝類；每100g；食藥署標示值,10,0.8
真鯛(8月),食藥署台灣食品成分資料庫,100,176.0,20.6,1.7,9.8,魚貝類；每100g；食藥署標示值,8,0.4
真鯛(9月),食藥署台灣食品成分資料庫,100,92.2,21.6,0.0,0.0,魚貝類；每100g；食藥署標示值,7,0.2
真鯛(11月),食藥署台灣食品成分資料庫,100,105.0,20.3,0.0,2.0,魚貝類；每100g；食藥署標示值,9,0.4
黃鰭棘鯛,食藥署台灣食品成分資料庫,100,136.3,19.2,0.6,6.0,魚貝類；每100g；食藥署標示值,28,0.5
黑棘鯛(去皮),食藥署台灣食品成分資料庫,100,136.3,20.3,0.6,5.5,魚貝類；每100g；食藥署標示值,9,1
黑棘鯛(含皮),食藥署台灣食品成分資料庫,100,164.6,19.5,0.0,9.0,魚貝類；每100g；食藥署標示值,7,0.9
多鱗四指馬鮁,食藥署台灣食品成分資料庫,100,145.9,19.0,0.0,7.2,魚貝類；每100g；食藥署標示值,19,0.6
大黃魚,食藥署台灣食品成分資料庫,100,142.1,16.8,0.2,7.8,魚貝類；每100g；食藥署標示值,8,0.3
小黃魚(去皮),食藥署台灣食品成分資料庫,100,99.8,20.0,0.0,1.6,魚貝類；每100g；食藥署標示值,11,0.2
小黃魚(含皮),食藥署台灣食品成分資料庫,100,100.1,19.4,0.0,1.9,魚貝類；每100g；食藥署標示值,6,0.5
白姑魚,食藥署台灣食品成分資料庫,100,96.5,18.8,0.0,1.8,魚貝類；每100g；食藥署標示值,33,0.5
眼斑擬石首魚,食藥署台灣食品成分資料庫,100,94.6,19.7,0.9,1.2,魚貝類；每100g；食藥署標示值,13,0.8
黃姑魚,食藥署台灣食品成分資料庫,100,89.0,19.4,0.0,0.7,魚貝類；每100g；食藥署標示值,55,0.5
黑䱛 ,食藥署台灣食品成分資料庫,100,149.1,17.9,1.2,8.0,魚貝類；每100g；食藥署標示值,22,1.1
鮸,食藥署台灣食品成分資料庫,100,103.6,23.3,0.0,0.5,魚貝類；每100g；食藥署標示值,11,0
鱗鰭叫姑魚,食藥署台灣食品成分資料庫,100,99.3,18.4,0.3,2.3,魚貝類；每100g；食藥署標示值,80,0.6
黑斑海緋鯉,食藥署台灣食品成分資料庫,100,96.5,18.8,0.0,1.8,魚貝類；每100g；食藥署標示值,4,0.6
斑點雞籠鯧,食藥署台灣食品成分資料庫,100,96.9,21.9,0.0,0.3,魚貝類；每100g；食藥署標示值,9,1.6
花身鯻,食藥署台灣食品成分資料庫,100,157.2,19.5,0.0,8.2,魚貝類；每100g；食藥署標示值,36,0.5
花尾唇指翁(翁加魚邊) ,食藥署台灣食品成分資料庫,100,115.5,19.8,0.6,3.4,魚貝類；每100g；食藥署標示值,5,0.6
尼羅口孵非鯽(去皮),食藥署台灣食品成分資料庫,100,112.9,20.4,0.0,2.9,魚貝類；每100g；食藥署標示值,68,0.7
尼羅口孵非鯽(含皮),食藥署台灣食品成分資料庫,100,125.0,19.4,0.0,4.7,魚貝類；每100g；食藥署標示值,7,0.5
尼羅口孵非鯽(含皮)(2022年取樣),食藥署台灣食品成分資料庫,100,121.8,20.4,3.0,3.9,魚貝類；每100g；食藥署標示值,17,0
花身副麗魚,食藥署台灣食品成分資料庫,100,112.5,17.7,1.1,4.1,魚貝類；每100g；食藥署標示值,14,0.4
紅色吳郭魚,食藥署台灣食品成分資料庫,100,107.8,18.3,1.3,3.3,魚貝類；每100g；食藥署標示值,10,0
台灣鯛魚片(生),食藥署台灣食品成分資料庫,100,109.8,18.2,2.5,3.6,魚貝類；每100g；食藥署標示值,14,0.2
台灣鯛魚片(生)(2021年),食藥署台灣食品成分資料庫,100,109.4,17.9,1.5,3.7,魚貝類；每100g；食藥署標示值,7,0
台灣鯛魚片(水煮),食藥署台灣食品成分資料庫,100,129.9,23.4,1.3,3.3,魚貝類；每100g；食藥署標示值,10,0.2
台灣鯛魚片(油煎),食藥署台灣食品成分資料庫,100,161.9,23.1,1.9,6.9,魚貝類；每100g；食藥署標示值,31,0.2
"台灣鯛魚片(烤,190℃,10分鐘)",食藥署台灣食品成分資料庫,100,111.1,19.7,1.8,3.0,魚貝類；每100g；食藥署標示值,10,0.4
"台灣鯛魚片(烤,190℃,20分鐘)",食藥署台灣食品成分資料庫,100,134.2,23.0,2.1,4.0,魚貝類；每100g；食藥署標示值,15,0.3
"台灣鯛魚片(烤,230℃,10分鐘)",食藥署台灣食品成分資料庫,100,126.6,21.3,1.5,4.0,魚貝類；每100g；食藥署標示值,11,0.5
"台灣鯛魚片(烤,230℃,20分鐘)",食藥署台灣食品成分資料庫,100,142.2,24.6,2.5,4.1,魚貝類；每100g；食藥署標示值,12,0.3
台灣鯛魚片(清蒸),食藥署台灣食品成分資料庫,100,112.0,19.3,2.2,3.3,魚貝類；每100g；食藥署標示值,9,0.4
台灣鯛魚片(微波),食藥署台灣食品成分資料庫,100,139.9,24.9,1.4,3.7,魚貝類；每100g；食藥署標示值,12,0.4
台灣鯛魚湯(水煮),食藥署台灣食品成分資料庫,100,5.5,0.9,0.0,0.2,魚貝類；每100g；食藥署標示值,1,0
莫三比克口孵非鯽,食藥署台灣食品成分資料庫,100,111.8,19.5,0.0,3.2,魚貝類；每100g；食藥署標示值,31,0.2
薔薇項鰭魚(去皮),食藥署台灣食品成分資料庫,100,95.9,17.3,0.0,2.4,魚貝類；每100g；食藥署標示值,40,0.3
薔薇項鰭魚(含皮),食藥署台灣食品成分資料庫,100,92.7,17.9,0.0,1.8,魚貝類；每100g；食藥署標示值,260,1.1
藍豬齒魚,食藥署台灣食品成分資料庫,100,80.8,18.5,0.2,0.2,魚貝類；每100g；食藥署標示值,5,0.2
福氏鸚哥魚(去皮),食藥署台灣食品成分資料庫,100,84.2,19.6,0.2,0.0,魚貝類；每100g；食藥署標示值,7,0.5
橫紋鸚哥魚(含皮),食藥署台灣食品成分資料庫,100,80.6,18.9,0.0,0.0,魚貝類；每100g；食藥署標示值,6,0.3
藍點鸚哥魚,食藥署台灣食品成分資料庫,100,86.5,20.1,0.6,0.1,魚貝類；每100g；食藥署標示值,8,0.5
金錢魚,食藥署台灣食品成分資料庫,100,196.0,19.3,0.0,12.6,魚貝類；每100g；食藥署標示值,267,1.3
褐臭肚魚,食藥署台灣食品成分資料庫,100,164.2,19.9,0.6,8.8,魚貝類；每100g；食藥署標示值,19,1
杜氏刺尾鯛,食藥署台灣食品成分資料庫,100,137.3,19.1,0.6,6.2,魚貝類；每100g；食藥署標示值,3,0.3
後刺尾鯛,食藥署台灣食品成分資料庫,100,102.1,20.4,0.0,1.7,魚貝類；每100g；食藥署標示值,14,0
鋸尾鯛,食藥署台灣食品成分資料庫,100,93.1,19.0,0.3,1.4,魚貝類；每100g；食藥署標示值,4,0.9
大眼金梭魚,食藥署台灣食品成分資料庫,100,157.1,21.8,0.0,7.1,魚貝類；每100g；食藥署標示值,10,0.5
鱗網帶鰆切片,食藥署台灣食品成分資料庫,100,272.5,17.3,0.0,22.0,魚貝類；每100g；食藥署標示值,5,0.8
鱗網帶鰆(含皮),食藥署台灣食品成分資料庫,100,263.5,18.0,0.0,20.7,魚貝類；每100g；食藥署標示值,2,0.4
白帶魚,食藥署台灣食品成分資料庫,100,101.7,19.6,0.0,2.0,魚貝類；每100g；食藥署標示值,5,0.2
白帶魚(油帶)(2025年取樣),食藥署台灣食品成分資料庫,100,217.6,19.2,0.0,15.0,魚貝類；每100g；食藥署標示值,,
大目鮪,食藥署台灣食品成分資料庫,100,103.5,23.9,0.0,0.1,魚貝類；每100g；食藥署標示值,3,2.4
正鰹,食藥署台灣食品成分資料庫,100,149.1,23.1,0.0,5.6,魚貝類；每100g；食藥署標示值,8,2.5
花腹鯖,食藥署台灣食品成分資料庫,100,138.1,23.9,0.1,4.0,魚貝類；每100g；食藥署標示值,27,2.8
高麗馬加鰆,食藥署台灣食品成分資料庫,100,118.6,19.4,0.3,4.0,魚貝類；每100g；食藥署標示值,6,0.8
康氏馬加鰆切片(去皮),食藥署台灣食品成分資料庫,100,192.8,18.7,0.0,12.5,魚貝類；每100g；食藥署標示值,7,0.2
康氏馬加鰆切片(含皮),食藥署台灣食品成分資料庫,100,176.3,19.3,1.5,10.4,魚貝類；每100g；食藥署標示值,4,0.3
臺灣馬加鰆,食藥署台灣食品成分資料庫,100,180.1,20.2,0.0,10.4,魚貝類；每100g；食藥署標示值,4,0.8
鮪魚生魚片,食藥署台灣食品成分資料庫,100,100.4,23.3,0.0,0.1,魚貝類；每100g；食藥署標示值,4,0.9
鯖魚(生),食藥署台灣食品成分資料庫,100,417.0,14.4,0.2,39.4,魚貝類；每100g；食藥署標示值,7,1.4
鯖魚(炒),食藥署台灣食品成分資料庫,100,410.2,16.7,0.1,37.6,魚貝類；每100g；食藥署標示值,2,1.9
鯖魚(炸),食藥署台灣食品成分資料庫,100,555.2,17.2,0.1,53.4,魚貝類；每100g；食藥署標示值,8,1.7
"鯖魚(烤,150度,10分)",食藥署台灣食品成分資料庫,100,411.6,16.5,0.0,37.8,魚貝類；每100g；食藥署標示值,5,1.7
"鯖魚(烤,150度,20分)",食藥署台灣食品成分資料庫,100,395.5,19.1,0.0,34.8,魚貝類；每100g；食藥署標示值,5,2
"鯖魚(烤,150度,30分)",食藥署台灣食品成分資料庫,100,536.0,19.9,0.0,50.0,魚貝類；每100g；食藥署標示值,15,1.9
"鯖魚(烤,180度,10分)",食藥署台灣食品成分資料庫,100,373.1,20.2,0.0,31.8,魚貝類；每100g；食藥署標示值,8,2.6
"鯖魚(烤,210度,10分)",食藥署台灣食品成分資料庫,100,472.5,19.0,0.0,43.4,魚貝類；每100g；食藥署標示值,7,1.7
鯖魚(煮),食藥署台灣食品成分資料庫,100,374.8,14.9,0.4,34.5,魚貝類；每100g；食藥署標示值,6,1.8
鯖魚(煎),食藥署台灣食品成分資料庫,100,403.3,20.0,0.0,35.9,魚貝類；每100g；食藥署標示值,17,2.1
鯖魚(蒸),食藥署台灣食品成分資料庫,100,391.7,14.6,0.7,36.5,魚貝類；每100g；食藥署標示值,5,1.5
旗魚切片,食藥署台灣食品成分資料庫,100,110.9,26.0,0.8,0.0,魚貝類；每100g；食藥署標示值,8,1.1
旗魚腹肉,食藥署台灣食品成分資料庫,100,104.7,22.2,0.0,1.1,魚貝類；每100g；食藥署標示值,8,0.3
刺鯧(去皮),食藥署台灣食品成分資料庫,100,94.6,18.8,0.1,1.6,魚貝類；每100g；食藥署標示值,17,0.2
刺鯧(含皮),食藥署台灣食品成分資料庫,100,154.5,17.8,0.0,8.7,魚貝類；每100g；食藥署標示值,13,0.5
刺鯧(含皮)(2025年取樣),食藥署台灣食品成分資料庫,100,132.1,18.0,0.0,6.1,魚貝類；每100g；食藥署標示值,13,0.5
星斑真鯧,食藥署台灣食品成分資料庫,100,213.6,15.6,0.0,16.3,魚貝類；每100g；食藥署標示值,8,0.4
銀鯧平均值(去皮),食藥署台灣食品成分資料庫,100,115.0,17.7,0.2,4.4,魚貝類；每100g；食藥署標示值,11,0.9
銀鯧(2月),食藥署台灣食品成分資料庫,100,122.6,17.9,0.0,5.1,魚貝類；每100g；食藥署標示值,12,2.8
銀鯧(3月),食藥署台灣食品成分資料庫,100,119.7,17.6,0.7,5.0,魚貝類；每100g；食藥署標示值,8,0.3
銀鯧(5月),食藥署台灣食品成分資料庫,100,105.2,16.4,0.0,3.9,魚貝類；每100g；食藥署標示值,12,0.7
銀鯧(8月),食藥署台灣食品成分資料庫,100,101.4,17.7,1.6,2.9,魚貝類；每100g；食藥署標示值,10,0
銀鯧(12月),食藥署台灣食品成分資料庫,100,126.1,19.1,0.2,5.0,魚貝類；每100g；食藥署標示值,14,0.9
銀鯧(含皮),食藥署台灣食品成分資料庫,100,124.0,16.8,1.1,5.8,魚貝類；每100g；食藥署標示值,8,0.3
斑鱧,食藥署台灣食品成分資料庫,100,118.7,18.3,0.0,4.5,魚貝類；每100g；食藥署標示值,8,0.7
大口鰜切片(含皮),食藥署台灣食品成分資料庫,100,166.5,14.7,0.0,11.5,魚貝類；每100g；食藥署標示值,7,0.2
鰈魚切片,食藥署台灣食品成分資料庫,100,201.2,13.2,0.0,16.1,魚貝類；每100g；食藥署標示值,17,0.4
雙線鬚鰨,食藥署台灣食品成分資料庫,100,92.2,19.9,0.3,0.8,魚貝類；每100g；食藥署標示值,24,0.3
單角革單棘魨(去皮),食藥署台灣食品成分資料庫,100,78.7,17.2,0.0,0.6,魚貝類；每100g；食藥署標示值,11,1.1
單角革單棘魨(含皮),食藥署台灣食品成分資料庫,100,76.4,17.9,0.0,0.0,魚貝類；每100g；食藥署標示值,4,0.5
克氏兔頭魨,食藥署台灣食品成分資料庫,100,76.9,17.8,0.0,0.1,魚貝類；每100g；食藥署標示值,6,0.5
翻車魨腹肉,食藥署台灣食品成分資料庫,100,47.5,10.2,0.7,0.4,魚貝類；每100g；食藥署標示值,21,0.2
犬牙南極魚切片,食藥署台灣食品成分資料庫,100,281.8,12.1,0.0,25.5,魚貝類；每100g；食藥署標示值,5,0
低眼無齒芒魚片(芒加魚邊),食藥署台灣食品成分資料庫,100,75.6,14.2,0.0,1.7,魚貝類；每100g；食藥署標示值,8,0.1
秋刀魚,食藥署台灣食品成分資料庫,100,276.6,18.8,4.1,21.8,魚貝類；每100g；食藥署標示值,11,0.9
毛鱗魚,食藥署台灣食品成分資料庫,100,145.1,14.1,0.4,9.4,魚貝類；每100g；食藥署標示值,317,1.4
斑駁尖塘鱧,食藥署台灣食品成分資料庫,100,88.1,19.1,0.8,0.7,魚貝類；每100g；食藥署標示值,,
圓鱈魚鰓肉,食藥署台灣食品成分資料庫,100,84.1,14.5,3.9,2.5,魚貝類；每100g；食藥署標示值,7,0.1
潮鯛魚下巴,食藥署台灣食品成分資料庫,100,245.1,16.1,0.0,19.6,魚貝類；每100g；食藥署標示值,,
鯊魚翅,食藥署台灣食品成分資料庫,100,185.7,43.5,0.0,0.0,魚貝類；每100g；食藥署標示值,46,1.5
魚翅唇,食藥署台灣食品成分資料庫,100,47.5,9.9,0.0,0.6,魚貝類；每100g；食藥署標示值,49,0
翻車魨魚皮,食藥署台灣食品成分資料庫,100,27.7,6.5,0.0,0.0,魚貝類；每100g；食藥署標示值,9,0.1
鯊魚皮,食藥署台灣食品成分資料庫,100,54.4,12.4,0.0,0.2,魚貝類；每100g；食藥署標示值,15,0.8
魚漿(旗魚),食藥署台灣食品成分資料庫,100,104.8,16.8,7.8,1.3,魚貝類；每100g；食藥署標示值,12,0
鮸魚卵(加工),食藥署台灣食品成分資料庫,100,184.1,21.9,3.6,10.1,魚貝類；每100g；食藥署標示值,41,1.5
鯔魚卵,食藥署台灣食品成分資料庫,100,256.1,26.3,3.2,15.9,魚貝類；每100g；食藥署標示值,5,4.1
鰆魚卵,食藥署台灣食品成分資料庫,100,192.5,23.5,0.2,10.2,魚貝類；每100g；食藥署標示值,6,1.4
鰹魚卵,食藥署台灣食品成分資料庫,100,183.7,21.5,0.6,10.2,魚貝類；每100g；食藥署標示值,8,1.8
鯔魚精囊,食藥署台灣食品成分資料庫,100,88.8,17.3,0.0,1.7,魚貝類；每100g；食藥署標示值,4,1.3
鮟鱇魚肝,食藥署台灣食品成分資料庫,100,135.8,13.6,1.9,8.6,魚貝類；每100g；食藥署標示值,13,1.8
旗魚肚,食藥署台灣食品成分資料庫,100,99.5,22.5,2.9,0.4,魚貝類；每100g；食藥署標示值,36,3
鮪魚肚,食藥署台灣食品成分資料庫,100,105.8,23.4,0.0,0.7,魚貝類；每100g；食藥署標示值,23,4.8
小魚干,食藥署台灣食品成分資料庫,100,335.2,69.2,0.0,4.4,魚貝類；每100g；食藥署標示值,2213,6.8
扁魚干,食藥署台灣食品成分資料庫,100,354.3,66.3,1.1,7.9,魚貝類；每100g；食藥署標示值,2804,2.8
柴魚片,食藥署台灣食品成分資料庫,100,382.6,76.5,2.6,6.2,魚貝類；每100g；食藥署標示值,44,15.3
羅氏沼蝦,食藥署台灣食品成分資料庫,100,88.0,20.3,0.2,0.1,魚貝類；每100g；食藥署標示值,27,0.5
北方長額蝦(加工),食藥署台灣食品成分資料庫,100,122.0,19.9,2.7,4.1,魚貝類；每100g；食藥署標示值,72,1
東方異腕蝦,食藥署台灣食品成分資料庫,100,78.5,17.7,0.0,0.3,魚貝類；每100g；食藥署標示值,45,1.1
胭脂蝦,食藥署台灣食品成分資料庫,100,114.4,13.8,0.7,6.1,魚貝類；每100g；食藥署標示值,57,1.1
日本玻璃蝦,食藥署台灣食品成分資料庫,100,82.6,16.2,2.0,1.5,魚貝類；每100g；食藥署標示值,745,0.5
相模後海螯蝦,食藥署台灣食品成分資料庫,100,79.1,17.9,0.0,0.3,魚貝類；每100g；食藥署標示值,81,5.3
中國對蝦,食藥署台灣食品成分資料庫,100,84.2,19.3,1.0,0.2,魚貝類；每100g；食藥署標示值,20,0.5
日本對蝦平均值,食藥署台灣食品成分資料庫,100,96.8,21.3,0.4,0.7,魚貝類；每100g；食藥署標示值,77,0.7
日本對蝦(大),食藥署台灣食品成分資料庫,100,97.3,21.6,0.0,0.5,魚貝類；每100g；食藥署標示值,62,1.4
日本對蝦(小),食藥署台灣食品成分資料庫,100,96.3,20.9,1.8,0.8,魚貝類；每100g；食藥署標示值,92,0
白對蝦平均值,食藥署台灣食品成分資料庫,100,99.4,21.3,0.0,0.9,魚貝類；每100g；食藥署標示值,85,2.4
白對蝦(大),食藥署台灣食品成分資料庫,100,109.2,22.3,0.0,1.5,魚貝類；每100g；食藥署標示值,128,3.3
白對蝦(小),食藥署台灣食品成分資料庫,100,96.2,21.4,0.0,0.5,魚貝類；每100g；食藥署標示值,69,1.3
白對蝦(小)(2022年取樣),食藥署台灣食品成分資料庫,100,92.7,20.3,1.3,0.7,魚貝類；每100g；食藥署標示值,57,2.5
哈氏彷對蝦,食藥署台灣食品成分資料庫,100,81.9,18.7,0.6,0.2,魚貝類；每100g；食藥署標示值,110,3.8
草對蝦,食藥署台灣食品成分資料庫,100,100.2,22.0,1.0,0.7,魚貝類；每100g；食藥署標示值,5,0.3
藍對蝦,食藥署台灣食品成分資料庫,100,95.2,20.9,0.0,0.6,魚貝類；每100g；食藥署標示值,54,0.1
鬚赤蝦,食藥署台灣食品成分資料庫,100,92.1,20.7,0.6,0.4,魚貝類；每100g；食藥署標示值,106,5.9
大管鞭蝦,食藥署台灣食品成分資料庫,100,87.7,19.8,0.6,0.3,魚貝類；每100g；食藥署標示值,37,3.9
隆脊管鞭蝦,食藥署台灣食品成分資料庫,100,96.2,22.1,0.6,0.2,魚貝類；每100g；食藥署標示值,25,0.9
螳螂蝦,食藥署台灣食品成分資料庫,100,66.8,14.7,0.0,0.5,魚貝類；每100g；食藥署標示值,69,0.6
日本龍蝦,食藥署台灣食品成分資料庫,100,92.7,21.5,1.0,0.1,魚貝類；每100g；食藥署標示值,12,0.3
正櫻蝦(生),食藥署台灣食品成分資料庫,100,88.4,17.9,0.0,1.3,魚貝類；每100g；食藥署標示值,760,1
正櫻蝦(熟),食藥署台灣食品成分資料庫,100,96.7,19.6,0.0,1.4,魚貝類；每100g；食藥署標示值,614,0.7
正櫻蝦乾,食藥署台灣食品成分資料庫,100,252.7,52.6,13.4,3.1,魚貝類；每100g；食藥署標示值,2859,6.5
大頭蝦仁,食藥署台灣食品成分資料庫,100,39.9,8.8,0.0,0.2,魚貝類；每100g；食藥署標示值,53,3.1
明蝦仁,食藥署台灣食品成分資料庫,100,51.7,11.9,0.0,0.1,魚貝類；每100g；食藥署標示值,38,1.4
紅蝦仁,食藥署台灣食品成分資料庫,100,43.4,9.5,1.5,0.3,魚貝類；每100g；食藥署標示值,58,1.5
海鱸蝦仁,食藥署台灣食品成分資料庫,100,73.5,16.3,1.3,0.4,魚貝類；每100g；食藥署標示值,42,0.4
草蝦仁,食藥署台灣食品成分資料庫,100,44.0,9.7,0.9,0.3,魚貝類；每100g；食藥署標示值,20,0.4
鳳尾蝦仁,食藥署台灣食品成分資料庫,100,64.5,13.4,0.3,0.8,魚貝類；每100g；食藥署標示值,48,0.7
鬚赤蝦仁,食藥署台灣食品成分資料庫,100,79.6,17.1,0.0,0.7,魚貝類；每100g；食藥署標示值,39,0.9
蝦皮,食藥署台灣食品成分資料庫,100,155.2,33.6,2.7,1.3,魚貝類；每100g；食藥署標示值,1381,6.3
蝦米,食藥署台灣食品成分資料庫,100,263.7,57.1,0.0,2.2,魚貝類；每100g；食藥署標示值,1075,4.9
金鉤蝦乾,食藥署台灣食品成分資料庫,100,256.7,54.6,0.0,2.6,魚貝類；每100g；食藥署標示值,717,9
紅蟳,食藥署台灣食品成分資料庫,100,121.7,20.9,6.5,3.6,魚貝類；每100g；食藥署標示值,79,2.6
蛙形蟹,食藥署台灣食品成分資料庫,100,71.8,16.6,2.8,0.1,魚貝類；每100g；食藥署標示值,178,0.9
蟹腳肉,食藥署台灣食品成分資料庫,100,52.6,11.6,1.2,0.3,魚貝類；每100g；食藥署標示值,319,0.6
竹蟶(冷凍),食藥署台灣食品成分資料庫,100,41.5,9.0,1.2,0.3,魚貝類；每100g；食藥署標示值,33,6.8
真牡蠣平均值,食藥署台灣食品成分資料庫,100,54.3,9.4,4.2,1.6,魚貝類；每100g；食藥署標示值,84,5.2
真牡蠣,食藥署台灣食品成分資料庫,100,49.3,9.0,1.8,1.2,魚貝類；每100g；食藥署標示值,20,5.4
帶殼真牡蠣(生蠔),食藥署台灣食品成分資料庫,100,59.2,9.8,6.7,1.9,魚貝類；每100g；食藥署標示值,149,5
黑齒牡蠣,食藥署台灣食品成分資料庫,100,55.4,9.7,3.1,1.5,魚貝類；每100g；食藥署標示值,71,10.1
蝦夷海扇蛤,食藥署台灣食品成分資料庫,100,69.6,13.7,2.3,1.2,魚貝類；每100g；食藥署標示值,37,2.6
綠殼菜蛤,食藥署台灣食品成分資料庫,100,95.5,17.8,2.6,2.2,魚貝類；每100g；食藥署標示值,40,4.2
綠殼菜蛤干,食藥署台灣食品成分資料庫,100,263.1,43.7,23.9,8.5,魚貝類；每100g；食藥署標示值,122,7.4
西施舌,食藥署台灣食品成分資料庫,100,52.9,8.9,5.4,1.6,魚貝類；每100g；食藥署標示值,14,25.7
台灣蜆,食藥署台灣食品成分資料庫,100,51.2,8.9,9.8,1.4,魚貝類；每100g；食藥署標示值,58,2.4
大文蛤,食藥署台灣食品成分資料庫,100,20.5,4.4,1.5,0.2,魚貝類；每100g；食藥署標示值,48,3.8
文蛤,食藥署台灣食品成分資料庫,100,36.9,7.6,2.7,0.5,魚貝類；每100g；食藥署標示值,106,8.2
波紋橫簾蛤 ,食藥署台灣食品成分資料庫,100,48.3,9.2,4.6,1.0,魚貝類；每100g；食藥署標示值,85,2
菲律賓簾蛤,食藥署台灣食品成分資料庫,100,36.8,7.5,4.1,0.5,魚貝類；每100g；食藥署標示值,130,2.7
環文蛤,食藥署台灣食品成分資料庫,100,46.0,8.7,3.7,1.0,魚貝類；每100g；食藥署標示值,165,5.9
干貝(冷凍),食藥署台灣食品成分資料庫,100,57.5,12.7,1.7,0.4,魚貝類；每100g；食藥署標示值,6,0.3
干貝(乾)平均值,食藥署台灣食品成分資料庫,100,242.2,53.7,10.8,1.4,魚貝類；每100g；食藥署標示值,55,2.1
干貝(乾),食藥署台灣食品成分資料庫,100,256.1,58.5,15.5,0.7,魚貝類；每100g；食藥署標示值,71,1.5
珠貝(乾),食藥署台灣食品成分資料庫,100,228.4,48.9,6.1,2.2,魚貝類；每100g；食藥署標示值,39,2.7
牡蠣干,食藥署台灣食品成分資料庫,100,242.7,41.0,26.2,7.5,魚貝類；每100g；食藥署標示值,108,20.1
真烏賊平均值,食藥署台灣食品成分資料庫,100,57.2,12.2,3.7,0.6,魚貝類；每100g；食藥署標示值,10,0.1
真烏賊(大),食藥署台灣食品成分資料庫,100,61.4,13.8,0.8,0.2,魚貝類；每100g；食藥署標示值,9,0.2
真烏賊(小),食藥署台灣食品成分資料庫,100,53.0,10.5,6.6,0.9,魚貝類；每100g；食藥署標示值,12,0.1
章魚,食藥署台灣食品成分資料庫,100,60.9,13.0,0.9,0.6,魚貝類；每100g；食藥署標示值,14,6.1
阿根廷魷,食藥署台灣食品成分資料庫,100,70.8,12.4,0.4,2.0,魚貝類；每100g；食藥署標示值,14,0.8
泡魷魚,食藥署台灣食品成分資料庫,100,50.3,11.3,3.0,0.2,魚貝類；每100g；食藥署標示值,31,0
台灣鎖管,食藥署台灣食品成分資料庫,100,71.9,16.0,1.6,0.4,魚貝類；每100g；食藥署標示值,11,0.7
台灣鎖管(宜蘭野生)(2025年取樣),食藥署台灣食品成分資料庫,100,80.4,15.0,3.8,1.8,魚貝類；每100g；食藥署標示值,,
尖鎖管 ,食藥署台灣食品成分資料庫,100,100.1,20.2,2.4,1.5,魚貝類；每100g；食藥署標示值,31,0.7
軟翅仔,食藥署台灣食品成分資料庫,100,70.0,14.7,0.8,0.8,魚貝類；每100g；食藥署標示值,16,0.1
香螺 ,食藥署台灣食品成分資料庫,100,86.0,19.9,0.0,0.1,魚貝類；每100g；食藥署標示值,91,3.1
象牙鳳螺,食藥署台灣食品成分資料庫,100,78.1,16.9,3.6,0.7,魚貝類；每100g；食藥署標示值,62,1.9
泥螺,食藥署台灣食品成分資料庫,100,94.6,21.5,0.3,0.3,魚貝類；每100g；食藥署標示值,40,1.4
雪螺,食藥署台灣食品成分資料庫,100,40.2,8.9,0.0,0.3,魚貝類；每100g；食藥署標示值,326,1.9
九孔螺,食藥署台灣食品成分資料庫,100,73.1,15.0,5.8,1.0,魚貝類；每100g；食藥署標示值,46,11.4
鮑魚,食藥署台灣食品成分資料庫,100,68.7,15.8,9.5,0.1,魚貝類；每100g；食藥署標示值,34,0.5
蝸牛肉,食藥署台灣食品成分資料庫,100,77.6,16.7,0.0,0.7,魚貝類；每100g；食藥署標示值,115,2.2
烏賊精囊,食藥署台灣食品成分資料庫,100,43.5,9.8,6.4,0.2,魚貝類；每100g；食藥署標示值,31,0
小卷干,食藥署台灣食品成分資料庫,100,246.4,53.2,4.7,2.1,魚貝類；每100g；食藥署標示值,57,3.9
白海參,食藥署台灣食品成分資料庫,100,32.4,7.4,0.0,0.1,魚貝類；每100g；食藥署標示值,65,0.6
仿刺參,食藥署台灣食品成分資料庫,100,35.8,8.2,0.8,0.1,魚貝類；每100g；食藥署標示值,69,0
南美刺參,食藥署台灣食品成分資料庫,100,51.5,12.0,0.0,0.0,魚貝類；每100g；食藥署標示值,68,0.5
紅海參,食藥署台灣食品成分資料庫,100,32.7,7.5,0.0,0.1,魚貝類；每100g；食藥署標示值,63,1
黑烏參,食藥署台灣食品成分資料庫,100,28.8,6.5,0.0,0.1,魚貝類；每100g；食藥署標示值,63,0.2
海蜇皮,食藥署台灣食品成分資料庫,100,18.7,4.4,2.2,0.0,魚貝類；每100g；食藥署標示值,31,2.6
雞蛋平均值,食藥署台灣食品成分資料庫,100,135.4,12.7,1.6,8.9,蛋類；每100g；食藥署標示值,54,1.9
雞蛋(白殼),食藥署台灣食品成分資料庫,100,139.0,12.9,1.3,9.2,蛋類；每100g；食藥署標示值,69,2.1
雞蛋(黃殼),食藥署台灣食品成分資料庫,100,131.8,12.5,2.0,8.6,蛋類；每100g；食藥署標示值,38,1.7
土雞蛋,食藥署台灣食品成分資料庫,100,129.1,12.9,1.7,8.1,蛋類；每100g；食藥署標示值,43,1.8
土雞蛋(2022年取樣),食藥署台灣食品成分資料庫,100,137.0,12.2,1.8,9.3,蛋類；每100g；食藥署標示值,52,2.4
烏骨雞蛋,食藥署台灣食品成分資料庫,100,159.7,12.7,2.4,11.6,蛋類；每100g；食藥署標示值,54,2.6
雞蛋(高DHA),食藥署台灣食品成分資料庫,100,131.9,12.5,1.8,8.6,蛋類；每100g；食藥署標示值,47,2
雞蛋(高次亞麻油酸),食藥署台灣食品成分資料庫,100,139.1,12.4,2.8,9.4,蛋類；每100g；食藥署標示值,13,1.6
雞蛋(高亞麻油酸),食藥署台灣食品成分資料庫,100,132.6,13.0,0.8,8.4,蛋類；每100g；食藥署標示值,9,1.3
初卵雞蛋,食藥署台灣食品成分資料庫,100,136.1,12.3,1.4,9.2,蛋類；每100g；食藥署標示值,41,1.9
雞蛋(高維生素A&E),食藥署台灣食品成分資料庫,100,134.0,12.1,0.0,9.0,蛋類；每100g；食藥署標示值,44,2.9
雞蛋(高維生素E),食藥署台灣食品成分資料庫,100,143.2,12.8,1.4,9.7,蛋類；每100g；食藥署標示值,21,2.1
雞蛋白平均值,食藥署台灣食品成分資料庫,100,50.0,11.2,0.5,0.1,蛋類；每100g；食藥署標示值,6,0.3
雞蛋白(白殼),食藥署台灣食品成分資料庫,100,47.6,10.7,0.0,0.1,蛋類；每100g；食藥署標示值,5,0.3
雞蛋白(黃殼),食藥署台灣食品成分資料庫,100,52.5,11.6,1.2,0.2,蛋類；每100g；食藥署標示值,7,0.4
烏骨雞蛋白,食藥署台灣食品成分資料庫,100,46.9,10.6,1.7,0.0,蛋類；每100g；食藥署標示值,3,0.1
雞蛋黃平均值,食藥署台灣食品成分資料庫,100,308.0,15.2,3.6,26.8,蛋類；每100g；食藥署標示值,158,5.5
雞蛋黃(白殼),食藥署台灣食品成分資料庫,100,330.1,16.0,1.6,28.9,蛋類；每100g；食藥署標示值,128,5.7
雞蛋黃(黃殼),食藥署台灣食品成分資料庫,100,285.9,14.5,5.6,24.7,蛋類；每100g；食藥署標示值,187,5.2
烏骨雞蛋黃,食藥署台灣食品成分資料庫,100,343.7,15.5,1.4,30.6,蛋類；每100g；食藥署標示值,137,5.9
雞蛋黃(高維生素E),食藥署台灣食品成分資料庫,100,314.3,16.2,5.4,27.0,蛋類；每100g；食藥署標示值,149,6.2
溫泉蛋,食藥署台灣食品成分資料庫,100,137.5,12.9,3.8,7.8,蛋類；每100g；食藥署標示值,52,1.4
雞水煮蛋,食藥署台灣食品成分資料庫,100,144.2,14.0,1.7,9.2,蛋類；每100g；食藥署標示值,53,2.3
雞水煮蛋白,食藥署台灣食品成分資料庫,100,60.8,13.6,1.5,0.2,蛋類；每100g；食藥署標示值,7,0
雞水煮蛋黃,食藥署台灣食品成分資料庫,100,342.6,15.5,2.9,30.5,蛋類；每100g；食藥署標示值,143,6.5
茶葉蛋平均值,食藥署台灣食品成分資料庫,100,145.0,13.7,2.2,9.1,蛋類；每100g；食藥署標示值,50,2.6
茶葉蛋(市售),食藥署台灣食品成分資料庫,100,146.7,13.5,3.5,8.7,蛋類；每100g；食藥署標示值,50,1.4
茶葉蛋(浸泡隔夜),食藥署台灣食品成分資料庫,100,143.4,13.8,0.9,9.4,蛋類；每100g；食藥署標示值,50,3.8
茶葉蛋白(浸泡隔夜),食藥署台灣食品成分資料庫,100,54.4,12.9,0.4,0.1,蛋類；每100g；食藥署標示值,12,0
茶葉蛋黃(浸泡隔夜),食藥署台灣食品成分資料庫,100,344.1,15.7,2.2,30.3,蛋類；每100g；食藥署標示值,136,5.8
雞皮蛋平均值,食藥署台灣食品成分資料庫,100,134.3,12.5,3.0,8.1,蛋類；每100g；食藥署標示值,45,1.6
雞皮蛋,食藥署台灣食品成分資料庫,100,141.9,12.8,3.6,8.5,蛋類；每100g；食藥署標示值,50,1.2
土雞皮蛋,食藥署台灣食品成分資料庫,100,126.8,12.2,2.3,7.6,蛋類；每100g；食藥署標示值,41,1.9
滷蛋平均值,食藥署台灣食品成分資料庫,100,183.8,16.4,4.6,11.1,蛋類；每100g；食藥署標示值,52,2.7
雞滷蛋(市售),食藥署台灣食品成分資料庫,100,190.8,15.7,6.4,11.4,蛋類；每100g；食藥署標示值,61,2.7
雞滷蛋(現煮),食藥署台灣食品成分資料庫,100,178.4,16.6,3.1,11.1,蛋類；每100g；食藥署標示值,54,2.4
雞滷蛋(浸泡隔夜),食藥署台灣食品成分資料庫,100,182.1,16.9,4.4,10.8,蛋類；每100g；食藥署標示值,40,2.9
滷蛋白平均值,食藥署台灣食品成分資料庫,100,86.7,16.7,4.6,0.2,蛋類；每100g；食藥署標示值,14,0.9
雞滷蛋白(現煮),食藥署台灣食品成分資料庫,100,83.9,16.6,3.9,0.2,蛋類；每100g；食藥署標示值,13,0.6
雞滷蛋白(浸泡隔夜),食藥署台灣食品成分資料庫,100,89.5,16.7,5.2,0.2,蛋類；每100g；食藥署標示值,14,1.2
滷蛋黃平均值,食藥署台灣食品成分資料庫,100,379.1,17.0,1.9,33.7,蛋類；每100g；食藥署標示值,119,6.5
雞滷蛋黃(現煮),食藥署台灣食品成分資料庫,100,375.7,16.6,1.3,33.8,蛋類；每100g；食藥署標示值,141,6.6
雞滷蛋黃(浸泡隔夜),食藥署台灣食品成分資料庫,100,382.4,17.4,2.6,33.6,蛋類；每100g；食藥署標示值,97,6.5
雞鐵蛋,食藥署台灣食品成分資料庫,100,287.5,26.6,5.9,17.5,蛋類；每100g；食藥署標示值,84,3.6
雞水波蛋,食藥署台灣食品成分資料庫,100,147.0,11.6,0.8,10.7,蛋類；每100g；食藥署標示值,50,3.9
荷包蛋(不加油),食藥署台灣食品成分資料庫,100,161.9,14.0,1.4,11.2,蛋類；每100g；食藥署標示值,52,3.4
荷包蛋(加油1小匙),食藥署台灣食品成分資料庫,100,192.2,13.0,1.6,14.9,蛋類；每100g；食藥署標示值,55,2.3
煎蛋(不加油),食藥署台灣食品成分資料庫,100,160.5,13.5,4.9,11.3,蛋類；每100g；食藥署標示值,58,9.8
炒蛋(加油3大匙),食藥署台灣食品成分資料庫,100,214.5,12.9,4.6,16.1,蛋類；每100g；食藥署標示值,51,2.5
蒸蛋平均值,食藥署台灣食品成分資料庫,100,64.4,5.3,2.2,4.6,蛋類；每100g；食藥署標示值,24,0.9
蒸蛋(市售),食藥署台灣食品成分資料庫,100,31.6,3.6,3.4,1.8,蛋類；每100g；食藥署標示值,20,0.9
蒸蛋(微波爐),食藥署台灣食品成分資料庫,100,82.2,6.4,1.8,6.0,蛋類；每100g；食藥署標示值,25,1
蒸蛋(電鍋),食藥署台灣食品成分資料庫,100,79.5,5.8,1.3,6.0,蛋類；每100g；食藥署標示值,27,0.8
鴨蛋,食藥署台灣食品成分資料庫,100,187.0,13.1,0.2,14.4,蛋類；每100g；食藥署標示值,67,2.8
紅面番鴨蛋,食藥署台灣食品成分資料庫,100,198.0,13.1,0.0,15.6,蛋類；每100g；食藥署標示值,48,3.5
鴨蛋白,食藥署台灣食品成分資料庫,100,47.1,10.8,1.4,0.0,蛋類；每100g；食藥署標示值,2,0.3
鴨蛋黃,食藥署台灣食品成分資料庫,100,346.7,15.8,2.0,30.8,蛋類；每100g；食藥署標示值,140,6.4
鴨皮蛋,食藥署台灣食品成分資料庫,100,163.9,12.8,2.7,11.4,蛋類；每100g；食藥署標示值,40,3.4
鴨鹹蛋平均值,食藥署台灣食品成分資料庫,100,184.6,13.3,1.1,14.1,蛋類；每100g；食藥署標示值,73,3
鴨生鹹蛋,食藥署台灣食品成分資料庫,100,177.7,12.5,0.0,14.7,蛋類；每100g；食藥署標示值,32,3.3
鴨熟鹹蛋,食藥署台灣食品成分資料庫,100,182.6,13.7,0.8,13.8,蛋類；每100g；食藥署標示值,62,2.8
鴨熟鹹蛋(薄鹽),食藥署台灣食品成分資料庫,100,193.5,13.7,3.5,13.8,蛋類；每100g；食藥署標示值,124,2.9
鴨鹹蛋黃,食藥署台灣食品成分資料庫,100,528.3,23.6,1.3,47.6,蛋類；每100g；食藥署標示值,185,7.9
鵪鶉蛋,食藥署台灣食品成分資料庫,100,172.2,12.7,1.2,13.0,蛋類；每100g；食藥署標示值,51,3
鵪鶉水煮蛋,食藥署台灣食品成分資料庫,100,162.8,12.3,0.0,12.1,蛋類；每100g；食藥署標示值,58,2.6
鵪鶉皮蛋,食藥署台灣食品成分資料庫,100,160.4,13.8,1.8,10.9,蛋類；每100g；食藥署標示值,83,2.4
鵪鶉鹹蛋,食藥署台灣食品成分資料庫,100,173.2,13.7,1.9,12.3,蛋類；每100g；食藥署標示值,56,2.8
鵪鶉滷蛋,食藥署台灣食品成分資料庫,100,238.2,16.2,11.1,14.3,蛋類；每100g；食藥署標示值,78,3.1
鵪鶉鐵蛋,食藥署台灣食品成分資料庫,100,439.1,28.8,20.4,26.9,蛋類；每100g；食藥署標示值,153,6.2
鴿蛋,食藥署台灣食品成分資料庫,100,96.2,10.2,2.5,5.7,蛋類；每100g；食藥署標示值,25,3.2
鵝蛋,食藥署台灣食品成分資料庫,100,178.8,10.0,3.2,15.0,蛋類；每100g；食藥署標示值,49,4.3
高脂鮮乳,食藥署台灣食品成分資料庫,100,72.5,3.2,6.1,4.0,乳品類；每100g；食藥署標示值,116,0.1
全脂鮮乳平均值,食藥署台灣食品成分資料庫,100,63.2,3.1,4.8,3.6,乳品類；每100g；食藥署標示值,104,0.1
全脂鮮乳(1月取樣),食藥署台灣食品成分資料庫,100,62.4,2.9,4.7,3.6,乳品類；每100g；食藥署標示值,117,0.2
全脂鮮乳(4月取樣),食藥署台灣食品成分資料庫,100,61.8,2.9,4.6,3.6,乳品類；每100g；食藥署標示值,92,0.1
全脂鮮乳(6月取樣),食藥署台灣食品成分資料庫,100,62.7,3.2,4.6,3.6,乳品類；每100g；食藥署標示值,101,0.1
全脂鮮乳(9月取樣),食藥署台灣食品成分資料庫,100,63.8,2.8,5.3,3.6,乳品類；每100g；食藥署標示值,89,0
全脂鮮乳(10月取樣),食藥署台灣食品成分資料庫,100,64.0,3.0,4.8,3.7,乳品類；每100g；食藥署標示值,97,0
全脂鮮乳(11月取樣),食藥署台灣食品成分資料庫,100,61.8,3.1,4.6,3.5,乳品類；每100g；食藥署標示值,110,0.1
全脂鮮乳(12月取樣),食藥署台灣食品成分資料庫,100,64.2,3.2,5.2,3.4,乳品類；每100g；食藥署標示值,94,0.1
全脂鮮乳(7月取樣),食藥署台灣食品成分資料庫,100,64.8,3.7,4.2,3.7,乳品類；每100g；食藥署標示值,133,0.1
中脂鮮乳,食藥署台灣食品成分資料庫,100,48.5,3.1,4.8,1.9,乳品類；每100g；食藥署標示值,107,0.1
低脂鮮乳,食藥署台灣食品成分資料庫,100,42.6,3.3,5.0,1.1,乳品類；每100g；食藥署標示值,96,0
高脂強化鮮乳(鈣強化),食藥署台灣食品成分資料庫,100,68.1,3.2,5.2,3.9,乳品類；每100g；食藥署標示值,200,0
高脂強化鮮乳(寡醣強化),食藥署台灣食品成分資料庫,100,69.2,3.2,5.1,4.1,乳品類；每100g；食藥署標示值,71,0.2
中脂強化鮮乳(脂肪酸調整),食藥署台灣食品成分資料庫,100,59.3,2.0,8.6,2.0,乳品類；每100g；食藥署標示值,61,0.1
低脂強化鮮乳(維生素E強化),食藥署台灣食品成分資料庫,100,40.7,3.0,4.2,1.3,乳品類；每100g；食藥署標示值,103,0.1
低脂強化鮮乳(寡醣強化),食藥署台灣食品成分資料庫,100,46.2,3.1,5.5,1.3,乳品類；每100g；食藥署標示值,112,0.1
脫脂強化鮮乳(鈣強化),食藥署台灣食品成分資料庫,100,42.2,3.5,6.3,0.3,乳品類；每100g；食藥署標示值,150,0
脫脂強化鮮乳(寡醣強化),食藥署台灣食品成分資料庫,100,36.5,3.1,5.2,0.4,乳品類；每100g；食藥署標示值,101,0
脫脂強化鮮乳(鐵強化),食藥署台灣食品成分資料庫,100,40.8,4.2,5.6,0.2,乳品類；每100g；食藥署標示值,119,0.7
中脂調味乳(巧克力),食藥署台灣食品成分資料庫,100,61.0,1.9,9.2,2.0,乳品類；每100g；食藥署標示值,60,0.4
中脂調味乳(多穀類),食藥署台灣食品成分資料庫,100,65.2,2.4,7.6,3.1,乳品類；每100g；食藥署標示值,52,0.1
中脂調味乳(果汁),食藥署台灣食品成分資料庫,100,54.2,1.6,8.4,1.6,乳品類；每100g；食藥署標示值,31,0
中脂調味乳(鈣強化),食藥署台灣食品成分資料庫,100,68.0,2.3,8.9,2.6,乳品類；每100g；食藥署標示值,79,0.1
中脂調味乳(維生素強化),食藥署台灣食品成分資料庫,100,59.6,2.0,8.6,1.9,乳品類；每100g；食藥署標示值,46,0.1
中脂調味乳(纖維&維生素E強化),食藥署台灣食品成分資料庫,100,65.1,2.4,9.3,2.1,乳品類；每100g；食藥署標示值,65,0.1
低脂調味乳(木瓜),食藥署台灣食品成分資料庫,100,60.9,1.8,10.5,1.3,乳品類；每100g；食藥署標示值,41,0.2
高脂保久乳,食藥署台灣食品成分資料庫,100,71.0,3.1,3.4,5.1,乳品類；每100g；食藥署標示值,104,0.1
全脂保久乳,食藥署台灣食品成分資料庫,100,62.0,3.0,5.1,3.4,乳品類；每100g；食藥署標示值,95,0.1
中脂保久乳,食藥署台灣食品成分資料庫,100,48.5,3.2,4.8,1.8,乳品類；每100g；食藥署標示值,80,0.1
低脂強化保久乳(寡糖強化),食藥署台灣食品成分資料庫,100,45.9,3.2,6.0,1.0,乳品類；每100g；食藥署標示值,110,0.1
中脂調味保久乳(巧克力),食藥署台灣食品成分資料庫,100,59.3,1.9,9.3,1.7,乳品類；每100g；食藥署標示值,58,0.2
中脂調味保久乳(布丁),食藥署台灣食品成分資料庫,100,60.9,1.6,9.8,1.7,乳品類；每100g；食藥署標示值,37,0.1
全脂奶粉,食藥署台灣食品成分資料庫,100,504.2,26.4,37.0,28.2,乳品類；每100g；食藥署標示值,912,0.2
部份脫脂奶粉,食藥署台灣食品成分資料庫,100,420.5,32.8,46.1,11.6,乳品類；每100g；食藥署標示值,1261,0.4
部份脫脂奶粉(即溶),食藥署台灣食品成分資料庫,100,445.3,23.7,51.6,16.4,乳品類；每100g；食藥署標示值,959,0.2
部份脫脂低乳糖奶粉,食藥署台灣食品成分資料庫,100,415.8,34.6,45.6,10.4,乳品類；每100g；食藥署標示值,1246,0.5
脫脂奶粉,食藥署台灣食品成分資料庫,100,360.7,36.2,51.2,0.9,乳品類；每100g；食藥署標示值,1406,0.2
脫脂奶粉(即溶),食藥署台灣食品成分資料庫,100,359.7,38.0,48.8,1.0,乳品類；每100g；食藥署標示值,1411,0.4
全脂強化奶粉(纖維強化),食藥署台灣食品成分資料庫,100,493.5,25.6,39.5,27.0,乳品類；每100g；食藥署標示值,984,3.1
部份脫脂強化奶粉(鈣強化),食藥署台灣食品成分資料庫,100,408.0,25.0,51.0,11.8,乳品類；每100g；食藥署標示值,1555,6.7
部份脫脂強化奶粉(纖維&DHA強化),食藥署台灣食品成分資料庫,100,465.9,23.2,47.3,22.1,乳品類；每100g；食藥署標示值,1283,0.7
部份脫脂強化奶粉(纖維&鈣強化),食藥署台灣食品成分資料庫,100,373.4,35.9,48.9,3.7,乳品類；每100g；食藥署標示值,1707,3.4
部份脫脂強化奶粉(脂肪酸調整),食藥署台灣食品成分資料庫,100,481.1,22.7,45.9,23.5,乳品類；每100g；食藥署標示值,969,9.3
脫脂強化奶粉(抗氧化),食藥署台灣食品成分資料庫,100,365.1,32.3,56.6,1.0,乳品類；每100g；食藥署標示值,1080,0
脫脂強化奶粉(鈣&維生素A強化),食藥署台灣食品成分資料庫,100,360.0,38.0,48.8,1.0,乳品類；每100g；食藥署標示值,1743,0.4
"脫脂強化奶粉(鈣&維生素C,E強化)",食藥署台灣食品成分資料庫,100,360.2,32.8,55.4,0.7,乳品類；每100g；食藥署標示值,2325,0.3
脫脂強化奶粉(鈣&鐵強化),食藥署台灣食品成分資料庫,100,360.2,35.6,52.3,0.7,乳品類；每100g；食藥署標示值,1894,7.8
部份脫脂調味奶粉(巧克力),食藥署台灣食品成分資料庫,100,390.7,14.1,71.9,6.9,乳品類；每100g；食藥署標示值,983,3.8
部份脫脂調味奶粉(果汁),食藥署台灣食品成分資料庫,100,435.3,19.8,61.4,12.3,乳品類；每100g；食藥署標示值,736,0.4
脫脂稀釋發酵乳,食藥署台灣食品成分資料庫,100,68.1,1.1,15.8,0.1,乳品類；每100g；食藥署標示值,34,0.1
脫脂稀釋發酵乳(鈣強化),食藥署台灣食品成分資料庫,100,72.2,1.0,16.9,0.1,乳品類；每100g；食藥署標示值,52,0
全脂濃稠發酵乳,食藥署台灣食品成分資料庫,100,90.2,4.1,11.3,3.2,乳品類；每100g；食藥署標示值,90,0
中脂濃稠發酵乳,食藥署台灣食品成分資料庫,100,80.5,2.9,12.6,2.3,乳品類；每100g；食藥署標示值,87,0.1
中脂濃稠發酵乳(無糖&纖維強化),食藥署台灣食品成分資料庫,100,73.1,3.2,10.4,2.2,乳品類；每100g；食藥署標示值,94,0
中脂濃稠發酵乳(草莓),食藥署台灣食品成分資料庫,100,87.6,3.1,13.0,2.7,乳品類；每100g；食藥署標示值,78,0
低脂濃稠發酵乳,食藥署台灣食品成分資料庫,100,73.3,2.3,13.6,1.1,乳品類；每100g；食藥署標示值,59,0.1
脫脂濃稠發酵乳,食藥署台灣食品成分資料庫,100,63.2,3.0,12.1,0.4,乳品類；每100g；食藥署標示值,76,0
脫脂濃稠發酵乳(低熱量),食藥署台灣食品成分資料庫,100,37.0,2.0,6.9,0.1,乳品類；每100g；食藥署標示值,70,0
脫脂濃稠發酵乳(草莓),食藥署台灣食品成分資料庫,100,67.9,2.3,13.8,0.4,乳品類；每100g；食藥署標示值,56,0
脫脂濃稠發酵乳(啤酒酵母),食藥署台灣食品成分資料庫,100,34.5,2.1,6.4,0.1,乳品類；每100g；食藥署標示值,73,0.3
高脂凝態發酵乳(纖維強化),食藥署台灣食品成分資料庫,100,91.3,3.2,11.9,3.8,乳品類；每100g；食藥署標示值,97,0.4
全脂凝態發酵乳,食藥署台灣食品成分資料庫,100,97.2,3.1,13.6,3.3,乳品類；每100g；食藥署標示值,103,0.1
中脂凝態發酵乳(草莓),食藥署台灣食品成分資料庫,100,102.0,3.7,15.7,2.7,乳品類；每100g；食藥署標示值,83,0.1
中脂凝態發酵乳(蘆薈),食藥署台灣食品成分資料庫,100,89.2,1.7,15.1,2.5,乳品類；每100g；食藥署標示值,114,0
脫脂凝態發酵乳(纖維強化),食藥署台灣食品成分資料庫,100,83.9,4.1,15.9,0.5,乳品類；每100g；食藥署標示值,142,0.1
脫脂保久稀釋發酵乳,食藥署台灣食品成分資料庫,100,45.7,0.1,11.0,0.1,乳品類；每100g；食藥署標示值,10,0
脫脂保久濃稠發酵乳(草莓&蘋果),食藥署台灣食品成分資料庫,100,68.2,3.0,13.6,0.2,乳品類；每100g；食藥署標示值,67,0.1
淡煉乳,食藥署台灣食品成分資料庫,100,137.1,6.5,9.1,8.3,乳品類；每100g；食藥署標示值,225,0.2
加糖部份脫脂煉乳,食藥署台灣食品成分資料庫,100,325.2,7.5,56.2,7.8,乳品類；每100g；食藥署標示值,267,0.1
切片乾酪,食藥署台灣食品成分資料庫,100,309.3,18.3,5.9,23.7,乳品類；每100g；食藥署標示值,606,1
切片乾酪(低脂),食藥署台灣食品成分資料庫,100,240.7,21.7,8.8,13.0,乳品類；每100g；食藥署標示值,598,2.9
刨絲乾酪,食藥署台灣食品成分資料庫,100,323.0,25.1,4.4,22.6,乳品類；每100g；食藥署標示值,940,0.1
乾酪粉,食藥署台灣食品成分資料庫,100,480.5,40.4,3.1,34.0,乳品類；每100g；食藥署標示值,1151,0.4
鮮奶可可,食藥署台灣食品成分資料庫,100,77.3,2.1,11.6,2.7,乳品類；每100g；食藥署標示值,105,1.5
木瓜牛奶,食藥署台灣食品成分資料庫,100,41.2,1.7,7.7,0.6,乳品類；每100g；食藥署標示值,38,0.1
高脂鮮羊乳,食藥署台灣食品成分資料庫,100,65.3,3.4,4.2,4.0,乳品類；每100g；食藥署標示值,110,0.1
中脂鮮羊乳,食藥署台灣食品成分資料庫,100,47.7,2.7,3.9,2.4,乳品類；每100g；食藥署標示值,63,0.1
保久羊乳,食藥署台灣食品成分資料庫,100,58.9,3.0,4.5,3.3,乳品類；每100g；食藥署標示值,105,0
中脂調味保久羊乳(巧克力),食藥署台灣食品成分資料庫,100,58.6,1.1,10.3,1.5,乳品類；每100g；食藥署標示值,33,1.1
中脂調味保久羊乳(果汁),食藥署台灣食品成分資料庫,100,75.3,2.9,9.5,2.8,乳品類；每100g；食藥署標示值,102,0
全脂羊奶粉,食藥署台灣食品成分資料庫,100,510.4,26.7,34.8,29.8,乳品類；每100g；食藥署標示值,1069,0.3
全脂羊奶粉(即溶),食藥署台灣食品成分資料庫,100,517.4,25.9,35.1,30.8,乳品類；每100g；食藥署標示值,849,0.2
牛油(未精煉),食藥署台灣食品成分資料庫,100,642.3,0.0,4.2,71.9,油脂類；每100g；食藥署標示值,,
牛油(精煉),食藥署台灣食品成分資料庫,100,885.3,0.0,0.6,99.1,油脂類；每100g；食藥署標示值,6,0.4
豬油,食藥署台灣食品成分資料庫,100,889.9,0.0,0.0,99.7,油脂類；每100g；食藥署標示值,,
豬油(2022年取樣),食藥署台灣食品成分資料庫,100,891.7,0.0,0.0,99.8,油脂類；每100g；食藥署標示值,0,0
高油酸豬油,食藥署台灣食品成分資料庫,100,893.0,0.0,0.0,100.0,油脂類；每100g；食藥署標示值,,
雞油,食藥署台灣食品成分資料庫,100,890.8,0.0,0.0,99.8,油脂類；每100g；食藥署標示值,,
"奶油(固態,不加鹽)",食藥署台灣食品成分資料庫,100,733.0,0.6,0.9,82.7,油脂類；每100g；食藥署標示值,19,0.4
"奶油(固態,加鹽)",食藥署台灣食品成分資料庫,100,698.9,0.7,3.7,77.5,油脂類；每100g；食藥署標示值,21,0.2
奶油(液態),食藥署台灣食品成分資料庫,100,340.0,2.0,0.0,39.1,油脂類；每100g；食藥署標示值,71,0.4
人造奶油(維生素強化),食藥署台灣食品成分資料庫,100,725.1,0.1,0.0,82.0,油脂類；每100g；食藥署標示值,1,4.8
人造奶油(2021年取樣),食藥署台灣食品成分資料庫,100,722.1,0.1,1.7,81.7,油脂類；每100g；食藥署標示值,2,0
中脂人造奶油,食藥署台灣食品成分資料庫,100,673.8,0.0,1.3,76.2,油脂類；每100g；食藥署標示值,3,0.5
人造奶油(低熱量),食藥署台灣食品成分資料庫,100,94.0,2.5,29.6,10.6,油脂類；每100g；食藥署標示值,2,0.1
大豆油,食藥署台灣食品成分資料庫,100,883.9,0.0,0.0,100.0,油脂類；每100g；食藥署標示值,,
大豆油(卵磷脂強化),食藥署台灣食品成分資料庫,100,880.1,0.0,0.0,99.6,油脂類；每100g；食藥署標示值,,
大豆油(多種維生素強化),食藥署台灣食品成分資料庫,100,883.1,0.0,0.0,99.9,油脂類；每100g；食藥署標示值,,
玉米油,食藥署台灣食品成分資料庫,100,882.6,0.0,0.1,99.8,油脂類；每100g；食藥署標示值,,
米油(秈米),食藥署台灣食品成分資料庫,100,883.5,0.1,0.0,99.9,油脂類；每100g；食藥署標示值,,
米油(粳米),食藥署台灣食品成分資料庫,100,883.1,0.0,0.0,99.9,油脂類；每100g；食藥署標示值,,
亞麻仁油,食藥署台灣食品成分資料庫,100,820.4,0.2,6.9,92.8,油脂類；每100g；食藥署標示值,,
白芝麻油,食藥署台灣食品成分資料庫,100,883.7,0.1,0.0,100.0,油脂類；每100g；食藥署標示值,,
黑芝麻油,食藥署台灣食品成分資料庫,100,881.0,0.1,0.2,99.7,油脂類；每100g；食藥署標示值,,
調合芝麻油,食藥署台灣食品成分資料庫,100,883.8,0.1,0.0,100.0,油脂類；每100g；食藥署標示值,,
花生油,食藥署台灣食品成分資料庫,100,883.1,0.0,0.0,99.9,油脂類；每100g；食藥署標示值,,
調合花生油,食藥署台灣食品成分資料庫,100,883.6,0.0,0.0,100.0,油脂類；每100g；食藥署標示值,,
油菜籽油,食藥署台灣食品成分資料庫,100,883.1,0.0,0.0,99.9,油脂類；每100g；食藥署標示值,,
芥花油,食藥署台灣食品成分資料庫,100,883.0,0.0,0.0,99.9,油脂類；每100g；食藥署標示值,5,0
南瓜籽油,食藥署台灣食品成分資料庫,100,883.1,0.0,0.0,99.9,油脂類；每100g；食藥署標示值,,
紅花籽油,食藥署台灣食品成分資料庫,100,883.6,0.0,0.0,100.0,油脂類；每100g；食藥署標示值,,
高油酸紅花籽油,食藥署台灣食品成分資料庫,100,880.2,0.0,0.4,99.6,油脂類；每100g；食藥署標示值,,
核桃油,食藥署台灣食品成分資料庫,100,883.1,0.0,0.0,99.9,油脂類；每100g；食藥署標示值,,
油茶油,食藥署台灣食品成分資料庫,100,883.4,0.0,0.0,99.9,油脂類；每100g；食藥署標示值,5,0
熟油茶油,食藥署台灣食品成分資料庫,100,883.1,0.0,0.0,99.9,油脂類；每100g；食藥署標示值,,
高油酸棕櫚油,食藥署台灣食品成分資料庫,100,883.1,0.0,0.0,99.9,油脂類；每100g；食藥署標示值,,
椰子油,食藥署台灣食品成分資料庫,100,882.8,0.0,0.0,99.9,油脂類；每100g；食藥署標示值,,
葵花籽油,食藥署台灣食品成分資料庫,100,883.6,0.0,0.0,100.0,油脂類；每100g；食藥署標示值,,
葵花籽油(多種維生素強化),食藥署台灣食品成分資料庫,100,883.0,0.0,0.0,99.9,油脂類；每100g；食藥署標示值,,
高油酸葵花籽油,食藥署台灣食品成分資料庫,100,883.1,0.0,0.0,99.9,油脂類；每100g；食藥署標示值,,
葡萄籽油,食藥署台灣食品成分資料庫,100,883.8,0.0,0.0,100.0,油脂類；每100g；食藥署標示值,,
橄欖油,食藥署台灣食品成分資料庫,100,883.6,0.0,0.0,100.0,油脂類；每100g；食藥署標示值,,
烤酥油,食藥署台灣食品成分資料庫,100,882.9,0.0,0.0,99.9,油脂類；每100g；食藥署標示值,,
調合植物油,食藥署台灣食品成分資料庫,100,886.7,0.0,0.0,100.3,油脂類；每100g；食藥署標示值,,
中鏈脂肪酸油,食藥署台灣食品成分資料庫,100,883.1,0.0,0.0,99.9,油脂類；每100g；食藥署標示值,,
紅砂糖,食藥署台灣食品成分資料庫,100,384.5,0.0,99.3,0.5,糖類；每100g；食藥署標示值,13,0.2
黑砂糖,食藥署台灣食品成分資料庫,100,368.6,0.5,95.3,0.7,糖類；每100g；食藥署標示值,104,2.2
楓糖,食藥署台灣食品成分資料庫,100,257.8,0.1,66.6,0.1,糖類；每100g；食藥署標示值,11,0
蜂蜜(冬蜜),食藥署台灣食品成分資料庫,100,315.2,0.1,81.5,0.1,糖類；每100g；食藥署標示值,,
蜂蜜(春蜜),食藥署台灣食品成分資料庫,100,308.2,0.2,79.6,0.2,糖類；每100g；食藥署標示值,,
黑糖蜜,食藥署台灣食品成分資料庫,100,280.0,0.2,72.4,0.0,糖類；每100g；食藥署標示值,78,2.2
西瓜汁(非原汁),食藥署台灣食品成分資料庫,100,29.7,1.1,6.1,0.1,飲料類；每100g；食藥署標示值,3,0.1
芭樂汁(非原汁),食藥署台灣食品成分資料庫,100,45.0,0.1,11.0,0.1,飲料類；每100g；食藥署標示值,3,0.1
柳橙汁(非原汁),食藥署台灣食品成分資料庫,100,50.2,0.1,12.3,0.1,飲料類；每100g；食藥署標示值,3,0.1
柳橙汁(100%),食藥署台灣食品成分資料庫,100,47.1,0.6,10.7,0.3,飲料類；每100g；食藥署標示值,11,0
烏梅汁,食藥署台灣食品成分資料庫,100,57.4,0.3,13.8,0.2,飲料類；每100g；食藥署標示值,7,1
楊桃汁(非原汁),食藥署台灣食品成分資料庫,100,48.4,0.0,12.0,0.1,飲料類；每100g；食藥署標示值,2,0.1
葡萄柚汁(非原汁),食藥署台灣食品成分資料庫,100,40.4,0.2,9.7,0.2,飲料類；每100g；食藥署標示值,7,0.2
鳳梨汁(非原汁),食藥署台灣食品成分資料庫,100,47.2,0.3,11.3,0.2,飲料類；每100g；食藥署標示值,9,0.2
蔓越莓汁(非原汁),食藥署台灣食品成分資料庫,100,44.9,0.9,10.0,0.1,飲料類；每100g；食藥署標示值,3,0
檸檬汁(非原汁),食藥署台灣食品成分資料庫,100,32.5,0.8,7.1,0.1,飲料類；每100g；食藥署標示值,2,0
蘋果汁(非原汁),食藥署台灣食品成分資料庫,100,46.9,0.1,10.9,0.4,飲料類；每100g；食藥署標示值,13,0.2
蘋果汁(100%),食藥署台灣食品成分資料庫,100,51.0,0.1,12.2,0.2,飲料類；每100g；食藥署標示值,2,0
蕃茄汁(非原汁),食藥署台灣食品成分資料庫,100,21.7,0.7,4.4,0.2,飲料類；每100g；食藥署標示值,9,1
仙草蜜,食藥署台灣食品成分資料庫,100,35.0,0.0,8.8,0.0,飲料類；每100g；食藥署標示值,13,0.4
龜苓茶,食藥署台灣食品成分資料庫,100,33.0,0.0,8.3,0.0,飲料類；每100g；食藥署標示值,1,0.9
黑麥汁,食藥署台灣食品成分資料庫,100,51.8,0.3,12.6,0.0,飲料類；每100g；食藥署標示值,2,0
加鹽沙士,食藥署台灣食品成分資料庫,100,40.8,0.8,9.4,0.0,飲料類；每100g；食藥署標示值,1,0
沙士(低糖),食藥署台灣食品成分資料庫,100,43.4,0.0,10.9,0.0,飲料類；每100g；食藥署標示值,2,0.2
美式咖啡(無糖),食藥署台灣食品成分資料庫,100,2.4,0.2,0.3,0.1,飲料類；每100g；食藥署標示值,2,0.1
無糖咖啡飲料,食藥署台灣食品成分資料庫,100,3.7,0.2,0.5,0.1,飲料類；每100g；食藥署標示值,2,0
拿鐵咖啡(無糖),食藥署台灣食品成分資料庫,100,43.0,3.0,3.4,2.0,飲料類；每100g；食藥署標示值,101,0
咖啡(三合一),食藥署台灣食品成分資料庫,100,39.4,0.9,8.2,0.3,飲料類；每100g；食藥署標示值,30,0.1
"烏龍茶(去冰,微糖)",食藥署台灣食品成分資料庫,100,15.5,0.1,3.8,0.0,飲料類；每100g；食藥署標示值,2,0.1
"烏龍茶(去冰,半糖)",食藥署台灣食品成分資料庫,100,21.1,0.1,5.2,0.0,飲料類；每100g；食藥署標示值,2,0.1
"烏龍茶(去冰,全糖)",食藥署台灣食品成分資料庫,100,35.7,0.1,8.8,0.0,飲料類；每100g；食藥署標示值,2,0.1
鮮奶茶(無糖),食藥署台灣食品成分資料庫,100,26.5,2.0,1.4,1.4,飲料類；每100g；食藥署標示值,33,0
奶茶(三合一),食藥署台灣食品成分資料庫,100,42.0,0.5,9.5,0.2,飲料類；每100g；食藥署標示值,11,0.2
"烏龍奶茶(去冰,微糖)",食藥署台灣食品成分資料庫,100,59.3,0.2,8.1,2.9,飲料類；每100g；食藥署標示值,,
"烏龍奶茶(去冰,半糖)",食藥署台灣食品成分資料庫,100,62.3,0.2,9.6,2.6,飲料類；每100g；食藥署標示值,,
"烏龍奶茶(去冰,全糖)",食藥署台灣食品成分資料庫,100,74.8,0.2,12.3,2.8,飲料類；每100g；食藥署標示值,,
"珍珠奶茶(去冰,微糖)",食藥署台灣食品成分資料庫,100,75.3,0.2,13.5,2.3,飲料類；每100g；食藥署標示值,,
"珍珠奶茶(去冰,半糖)",食藥署台灣食品成分資料庫,100,83.5,0.2,14.5,2.7,飲料類；每100g；食藥署標示值,,
"珍珠奶茶(去冰,全糖)",食藥署台灣食品成分資料庫,100,94.0,0.2,17.9,2.4,飲料類；每100g；食藥署標示值,,
奶茶沖泡包(三合一),食藥署台灣食品成分資料庫,100,451.9,1.7,82.3,12.8,飲料類；每100g；食藥署標示值,15,0.6
多多綠茶(全糖),食藥署台灣食品成分資料庫,100,49.0,1.1,11.0,0.1,飲料類；每100g；食藥署標示值,10,0
乳酸飲料,食藥署台灣食品成分資料庫,100,44.7,0.2,10.9,0.0,飲料類；每100g；食藥署標示值,20,0.2
即溶咖啡粉,食藥署台灣食品成分資料庫,100,318.3,16.6,71.2,1.3,飲料類；每100g；食藥署標示值,132,4.9
咖啡沖泡包(二合一),食藥署台灣食品成分資料庫,100,477.8,6.8,63.6,23.3,飲料類；每100g；食藥署標示值,79,0.6
咖啡沖泡包(三合一),食藥署台灣食品成分資料庫,100,436.6,4.8,83.0,9.5,飲料類；每100g；食藥署標示值,5,0.5
薑茶沖泡包,食藥署台灣食品成分資料庫,100,398.6,0.3,98.7,0.3,飲料類；每100g；食藥署標示值,3,0.8
抹茶粉,食藥署台灣食品成分資料庫,100,295.2,23.4,63.0,6.4,飲料類；每100g；食藥署標示值,579,8.3
可可粉,食藥署台灣食品成分資料庫,100,414.6,20.8,43.8,22.8,飲料類；每100g；食藥署標示值,166,13.9
小麥草粉,食藥署台灣食品成分資料庫,100,297.0,34.0,41.9,7.4,飲料類；每100g；食藥署標示值,480,10.8
椰奶,食藥署台灣食品成分資料庫,100,48.9,0.2,7.4,2.1,飲料類；每100g；食藥署標示值,1,0
八角,食藥署台灣食品成分資料庫,100,244.1,4.9,76.2,3.9,調味料及香辛料類；每100g；食藥署標示值,23,5.1
小茴香粉,食藥署台灣食品成分資料庫,100,341.9,19.5,37.0,25.8,調味料及香辛料類；每100g；食藥署標示值,795,41.1
山葵粉,食藥署台灣食品成分資料庫,100,359.6,10.1,72.9,6.1,調味料及香辛料類；每100g；食藥署標示值,246,9.9
五香粉,食藥署台灣食品成分資料庫,100,268.4,8.7,68.1,8.9,調味料及香辛料類；每100g；食藥署標示值,646,34.7
甘草粉,食藥署台灣食品成分資料庫,100,264.6,9.2,73.4,3.6,調味料及香辛料類；每100g；食藥署標示值,1033,55.3
肉桂粉,食藥署台灣食品成分資料庫,100,240.6,4.2,78.8,2.9,調味料及香辛料類；每100g；食藥署標示值,1004,21.4
西洋芹菜片,食藥署台灣食品成分資料庫,100,270.9,24.4,49.9,6.8,調味料及香辛料類；每100g；食藥署標示值,1149,19.7
花椒粉,食藥署台灣食品成分資料庫,100,270.6,10.0,63.2,9.2,調味料及香辛料類；每100g；食藥署標示值,1320,22.7
洋香菜片,食藥署台灣食品成分資料庫,100,264.9,24.4,47.7,7.5,調味料及香辛料類；每100g；食藥署標示值,3073,53.3
洋蔥粉,食藥署台灣食品成分資料庫,100,354.8,8.1,82.1,1.8,調味料及香辛料類；每100g；食藥署標示值,264,4.2
白胡椒粉,食藥署台灣食品成分資料庫,100,287.9,3.7,78.8,1.1,調味料及香辛料類；每100g；食藥署標示值,420,53.3
紅胡椒粒,食藥署台灣食品成分資料庫,100,319.7,5.9,59.3,13.7,調味料及香辛料類；每100g；食藥署標示值,276,3.4
黑胡椒粉,食藥署台灣食品成分資料庫,100,325.1,11.6,67.7,6.7,調味料及香辛料類；每100g；食藥署標示值,326,6.9
綠胡椒粒,食藥署台灣食品成分資料庫,100,302.2,11.3,68.4,7.3,調味料及香辛料類；每100g；食藥署標示值,641,2.3
迷迭香粉,食藥署台灣食品成分資料庫,100,341.6,5.9,59.8,21.9,調味料及香辛料類；每100g；食藥署標示值,1417,31
荳蔻粉,食藥署台灣食品成分資料庫,100,409.1,6.7,50.6,26.2,調味料及香辛料類；每100g；食藥署標示值,157,4.7
蒜粉,食藥署台灣食品成分資料庫,100,300.0,18.1,71.9,0.4,調味料及香辛料類；每100g；食藥署標示值,13,9
辣椒粉,食藥署台灣食品成分資料庫,100,306.5,14.7,59.1,14.1,調味料及香辛料類；每100g；食藥署標示值,63,36.4
薑黃粉,食藥署台灣食品成分資料庫,100,329.2,14.6,69.0,2.7,調味料及香辛料類；每100g；食藥署標示值,142,5.4
薑粉,食藥署台灣食品成分資料庫,100,294.9,10.4,70.5,3.6,調味料及香辛料類；每100g；食藥署標示值,195,27.2
羅勒片,食藥署台灣食品成分資料庫,100,221.7,23.3,46.1,5.8,調味料及香辛料類；每100g；食藥署標示值,289,53
花椒粒,食藥署台灣食品成分資料庫,100,264.1,10.3,53.6,12.5,調味料及香辛料類；每100g；食藥署標示值,998,23.7
七味唐辛子,食藥署台灣食品成分資料庫,100,370.0,15.8,45.8,24.1,調味料及香辛料類；每100g；食藥署標示值,361,11.9
沙茶粉,食藥署台灣食品成分資料庫,100,476.8,14.9,47.0,28.8,調味料及香辛料類；每100g；食藥署標示值,294,11.8
豆酥,食藥署台灣食品成分資料庫,100,513.2,30.1,19.2,38.1,調味料及香辛料類；每100g；食藥署標示值,220,5.7
咖哩粉,食藥署台灣食品成分資料庫,100,344.0,13.9,58.5,14.1,調味料及香辛料類；每100g；食藥署標示值,755,65.9
咖哩塊,食藥署台灣食品成分資料庫,100,504.9,5.6,45.4,34.5,調味料及香辛料類；每100g；食藥署標示值,83,1.6
油蔥酥,食藥署台灣食品成分資料庫,100,488.7,7.4,57.1,28.8,調味料及香辛料類；每100g；食藥署標示值,95,10.7
梅子粉,食藥署台灣食品成分資料庫,100,267.9,2.0,60.8,3.9,調味料及香辛料類；每100g；食藥署標示值,37,5
椰子粉,食藥署台灣食品成分資料庫,100,606.3,7.2,27.8,60.3,調味料及香辛料類；每100g；食藥署標示值,9,3.3
蒜頭酥,食藥署台灣食品成分資料庫,100,435.8,11.7,61.2,17.8,調味料及香辛料類；每100g；食藥署標示值,49,6.8
糖粉,食藥署台灣食品成分資料庫,100,398.5,0.0,99.3,0.2,調味料及香辛料類；每100g；食藥署標示值,4,0.2
椰漿,食藥署台灣食品成分資料庫,100,207.0,1.1,0.0,23.1,調味料及香辛料類；每100g；食藥署標示值,4,0.9
黃耆水,食藥署台灣食品成分資料庫,100,13.9,0.9,2.9,0.0,調味料及香辛料類；每100g；食藥署標示值,9,0.2
黃耆片,食藥署台灣食品成分資料庫,100,257.7,14.9,68.7,1.6,調味料及香辛料類；每100g；食藥署標示值,136,14.7
陳皮,食藥署台灣食品成分資料庫,100,269.5,6.9,74.8,2.4,調味料及香辛料類；每100g；食藥署標示值,534,8.5
山楂,食藥署台灣食品成分資料庫,100,271.6,1.9,78.7,2.5,調味料及香辛料類；每100g；食藥署標示值,676,7.5
岩鹽,食藥署台灣食品成分資料庫,100,2.5,0.0,0.4,0.1,調味料及香辛料類；每100g；食藥署標示值,120,4.9
低鈉鹽,食藥署台灣食品成分資料庫,100,11.4,0.0,2.8,0.0,調味料及香辛料類；每100g；食藥署標示值,289,3.6
鮮雞精,食藥署台灣食品成分資料庫,100,261.2,10.8,33.3,10.1,調味料及香辛料類；每100g；食藥署標示值,33,1.8
鰹魚粉,食藥署台灣食品成分資料庫,100,240.1,21.9,35.8,1.0,調味料及香辛料類；每100g；食藥署標示值,209,3.7
高湯塊(排骨),食藥署台灣食品成分資料庫,100,362.0,12.5,24.5,23.9,調味料及香辛料類；每100g；食藥署標示值,120,0.5
高湯塊(雞肉),食藥署台灣食品成分資料庫,100,339.1,14.7,14.5,24.8,調味料及香辛料類；每100g；食藥署標示值,16,3
高湯(豬大骨),食藥署台灣食品成分資料庫,100,49.1,4.2,6.6,0.7,調味料及香辛料類；每100g；食藥署標示值,4,3.5
低脂高湯,食藥署台灣食品成分資料庫,100,2.2,0.3,0.3,0.0,調味料及香辛料類；每100g；食藥署標示值,1,0.6
素食高湯,食藥署台灣食品成分資料庫,100,17.0,0.3,4.0,0.0,調味料及香辛料類；每100g；食藥署標示值,18,1.2
糯米醋,食藥署台灣食品成分資料庫,100,16.8,0.1,4.1,0.0,調味料及香辛料類；每100g；食藥署標示值,3,0.3
紅醋,食藥署台灣食品成分資料庫,100,4.3,0.3,0.8,0.0,調味料及香辛料類；每100g；食藥署標示值,9,0.2
烏醋,食藥署台灣食品成分資料庫,100,36.8,0.5,8.7,0.0,調味料及香辛料類；每100g；食藥署標示值,6,1.6
黑豆醬油,食藥署台灣食品成分資料庫,100,112.5,7.5,20.6,0.2,調味料及香辛料類；每100g；食藥署標示值,14,1.2
淡色醬油,食藥署台灣食品成分資料庫,100,76.5,7.1,11.5,0.4,調味料及香辛料類；每100g；食藥署標示值,30,1.6
黑豆油膏,食藥署台灣食品成分資料庫,100,145.6,7.8,28.6,0.1,調味料及香辛料類；每100g；食藥署標示值,15,0.8
薄鹽黑豆醬油膏,食藥署台灣食品成分資料庫,100,124.4,7.6,23.3,0.1,調味料及香辛料類；每100g；食藥署標示值,12,0.9
味醂,食藥署台灣食品成分資料庫,100,219.8,0.5,54.5,0.0,調味料及香辛料類；每100g；食藥署標示值,2,0
鮮味露,食藥署台灣食品成分資料庫,100,74.5,20.1,0.0,0.1,調味料及香辛料類；每100g；食藥署標示值,4,0.4
蠔油,食藥署台灣食品成分資料庫,100,155.8,6.5,32.2,0.1,調味料及香辛料類；每100g；食藥署標示值,31,6.4
魚露,食藥署台灣食品成分資料庫,100,64.3,10.2,5.3,0.2,調味料及香辛料類；每100g；食藥署標示值,10,0.8
紅辣椒油,食藥署台灣食品成分資料庫,100,898.9,0.0,0.1,99.8,調味料及香辛料類；每100g；食藥署標示值,1,0.1
蝦油,食藥署台灣食品成分資料庫,100,55.2,7.4,6.4,0.1,調味料及香辛料類；每100g；食藥署標示值,39,1.4
干貝醬,食藥署台灣食品成分資料庫,100,554.7,16.7,8.0,51.0,調味料及香辛料類；每100g；食藥署標示值,116,2.5
牛肉醬,食藥署台灣食品成分資料庫,100,505.1,17.0,22.2,38.9,調味料及香辛料類；每100g；食藥署標示值,24,3.1
肉燥,食藥署台灣食品成分資料庫,100,397.3,9.5,4.2,38.0,調味料及香辛料類；每100g；食藥署標示值,9,1.3
素肉燥,食藥署台灣食品成分資料庫,100,477.0,12.4,12.5,42.6,調味料及香辛料類；每100g；食藥署標示值,9,2.4
義式乳酪醬,食藥署台灣食品成分資料庫,100,208.9,8.8,6.9,17.0,調味料及香辛料類；每100g；食藥署標示值,499,0.3
炸醬,食藥署台灣食品成分資料庫,100,386.2,14.6,6.7,34.7,調味料及香辛料類；每100g；食藥署標示值,83,3.4
素食炸醬,食藥署台灣食品成分資料庫,100,382.0,13.9,4.5,35.3,調味料及香辛料類；每100g；食藥署標示值,84,2.2
海苔醬,食藥署台灣食品成分資料庫,100,218.4,6.4,49.3,0.0,調味料及香辛料類；每100g；食藥署標示值,41,3.5
麻醬,食藥署台灣食品成分資料庫,100,619.8,20.8,21.3,52.8,調味料及香辛料類；每100g；食藥署標示值,794,20.4
速食乾麵麻醬包,食藥署台灣食品成分資料庫,100,666.5,13.2,11.8,64.0,調味料及香辛料類；每100g；食藥署標示值,402,2.8
白醬,食藥署台灣食品成分資料庫,100,58.5,1.2,6.8,3.2,調味料及香辛料類；每100g；食藥署標示值,27,0.3
青醬,食藥署台灣食品成分資料庫,100,78.5,0.9,7.7,5.4,調味料及香辛料類；每100g；食藥署標示值,39,1.1
蕃茄義大利麵醬,食藥署台灣食品成分資料庫,100,67.1,3.2,8.9,2.5,調味料及香辛料類；每100g；食藥署標示值,20,0.6
五味醬,食藥署台灣食品成分資料庫,100,137.8,1.3,31.9,0.8,調味料及香辛料類；每100g；食藥署標示值,16,0.6
牛排醬,食藥署台灣食品成分資料庫,100,127.7,2.5,30.1,0.0,調味料及香辛料類；每100g；食藥署標示值,16,1.2
羊肉爐醬,食藥署台灣食品成分資料庫,100,127.5,7.3,8.9,7.2,調味料及香辛料類；每100g；食藥署標示值,173,1.4
沙茶醬,食藥署台灣食品成分資料庫,100,721.4,10.2,10.4,71.8,調味料及香辛料類；每100g；食藥署標示值,202,4
素沙茶醬,食藥署台灣食品成分資料庫,100,664.6,7.5,11.4,66.0,調味料及香辛料類；每100g；食藥署標示值,134,3.4
黃芥茉醬,食藥署台灣食品成分資料庫,100,64.2,4.1,6.2,3.7,調味料及香辛料類；每100g；食藥署標示值,55,1.6
山葵醬,食藥署台灣食品成分資料庫,100,327.6,1.1,70.2,5.9,調味料及香辛料類；每100g；食藥署標示值,22,0.9
金桔醬,食藥署台灣食品成分資料庫,100,79.9,0.5,19.5,0.4,調味料及香辛料類；每100g；食藥署標示值,34,5.6
海鮮醬,食藥署台灣食品成分資料庫,100,225.6,1.8,50.3,2.2,調味料及香辛料類；每100g；食藥署標示值,15,0.6
烤肉醬,食藥署台灣食品成分資料庫,100,155.4,5.2,32.1,0.8,調味料及香辛料類；每100g；食藥署標示值,21,2
排骨醬,食藥署台灣食品成分資料庫,100,218.3,2.3,43.1,4.4,調味料及香辛料類；每100g；食藥署標示值,6,2
甜辣醬,食藥署台灣食品成分資料庫,100,115.1,1.0,28.1,0.0,調味料及香辛料類；每100g；食藥署標示值,9,1
甜麵醬,食藥署台灣食品成分資料庫,100,212.3,4.5,44.0,2.4,調味料及香辛料類；每100g；食藥署標示值,24,1.4
朝鮮醬,食藥署台灣食品成分資料庫,100,102.5,1.6,19.7,2.3,調味料及香辛料類；每100g；食藥署標示值,5,1.7
黑胡椒醬,食藥署台灣食品成分資料庫,100,113.9,2.5,25.5,0.5,調味料及香辛料類；每100g；食藥署標示值,41,0.5
日式照燒醬,食藥署台灣食品成分資料庫,100,227.1,3.0,52.6,0.5,調味料及香辛料類；每100g；食藥署標示值,10,0.8
蒜蓉醬,食藥署台灣食品成分資料庫,100,279.1,4.2,21.2,20.0,調味料及香辛料類；每100g；食藥署標示值,11,0.7
辣蒜蓉醬,食藥署台灣食品成分資料庫,100,69.4,2.3,7.8,4.2,調味料及香辛料類；每100g；食藥署標示值,8,2.2
辣椒醬,食藥署台灣食品成分資料庫,100,73.1,2.6,11.5,2.9,調味料及香辛料類；每100g；食藥署標示值,37,1.8
蔥醬,食藥署台灣食品成分資料庫,100,145.0,2.2,19.5,6.8,調味料及香辛料類；每100g；食藥署標示值,22,1.1
糖醋醬,食藥署台灣食品成分資料庫,100,129.3,1.9,25.1,2.6,調味料及香辛料類；每100g；食藥署標示值,8,1.5
蕃茄醬,食藥署台灣食品成分資料庫,100,110.9,1.6,26.7,0.1,調味料及香辛料類；每100g；食藥署標示值,11,0.8
薑蓉醬,食藥署台灣食品成分資料庫,100,61.2,1.0,9.4,2.6,調味料及香辛料類；每100g；食藥署標示值,6,1
蘑菇醬,食藥署台灣食品成分資料庫,100,55.6,1.5,7.7,2.4,調味料及香辛料類；每100g；食藥署標示值,6,0.5
米豆醬,食藥署台灣食品成分資料庫,100,123.5,7.4,17.9,3.0,調味料及香辛料類；每100g；食藥署標示值,55,1.9
蒜味豆豉醬,食藥署台灣食品成分資料庫,100,264.3,9.5,19.7,17.0,調味料及香辛料類；每100g；食藥署標示值,44,4.7
豆酥醬,食藥署台灣食品成分資料庫,100,659.9,12.2,10.4,64.5,調味料及香辛料類；每100g；食藥署標示值,87,2.6
豆瓣醬,食藥署台灣食品成分資料庫,100,170.2,14.2,12.2,8.1,調味料及香辛料類；每100g；食藥署標示值,19,3.1
辣豆瓣醬,食藥署台灣食品成分資料庫,100,90.0,4.5,13.1,3.3,調味料及香辛料類；每100g；食藥署標示值,27,3.4
紅麴醬,食藥署台灣食品成分資料庫,100,160.8,4.6,35.0,0.5,調味料及香辛料類；每100g；食藥署標示值,6,0.5
韭花醬,食藥署台灣食品成分資料庫,100,23.6,2.1,4.5,0.3,調味料及香辛料類；每100g；食藥署標示值,61,3.2
香椿醬,食藥署台灣食品成分資料庫,100,497.2,8.1,2.3,51.7,調味料及香辛料類；每100g；食藥署標示值,160,4.1
麻婆醬,食藥署台灣食品成分資料庫,100,184.8,2.9,23.1,9.5,調味料及香辛料類；每100g；食藥署標示值,9,6.3
蝦醬,食藥署台灣食品成分資料庫,100,99.1,19.6,1.3,1.7,調味料及香辛料類；每100g；食藥署標示值,1077,13.8
沙拉醬,食藥署台灣食品成分資料庫,100,644.3,1.9,11.4,65.7,調味料及香辛料類；每100g；食藥署標示值,10,0.5
沙拉醬(2021年取樣),食藥署台灣食品成分資料庫,100,629.5,1.9,16.8,61.7,調味料及香辛料類；每100g；食藥署標示值,14,0.5
無蛋沙拉醬,食藥署台灣食品成分資料庫,100,479.4,1.8,19.0,44.0,調味料及香辛料類；每100g；食藥署標示值,4,0
無蛋沙拉醬(2021年取樣),食藥署台灣食品成分資料庫,100,631.3,0.3,22.9,59.8,調味料及香辛料類；每100g；食藥署標示值,2,0
千島沙拉醬,食藥署台灣食品成分資料庫,100,514.1,1.0,16.7,49.3,調味料及香辛料類；每100g；食藥署標示值,10,0.3
和風沙拉醬,食藥署台灣食品成分資料庫,100,128.1,2.1,26.3,1.7,調味料及香辛料類；每100g；食藥署標示值,15,0.5
凱撒沙拉醬,食藥署台灣食品成分資料庫,100,335.8,1.4,17.3,29.1,調味料及香辛料類；每100g；食藥署標示值,21,0.6
味噌,食藥署台灣食品成分資料庫,100,206.2,10.6,33.1,4.5,調味料及香辛料類；每100g；食藥署標示值,43,1.8
法式奶酥醬,食藥署台灣食品成分資料庫,100,596.1,6.7,37.6,46.5,調味料及香辛料類；每100g；食藥署標示值,200,0.4
巧克力醬(液體),食藥署台灣食品成分資料庫,100,272.5,2.0,65.4,0.8,調味料及香辛料類；每100g；食藥署標示值,15,2.4
草莓果醬,食藥署台灣食品成分資料庫,100,269.0,0.4,65.0,1.2,調味料及香辛料類；每100g；食藥署標示值,7,0.3
葡萄果醬,食藥署台灣食品成分資料庫,100,257.6,0.0,60.9,1.9,調味料及香辛料類；每100g；食藥署標示值,6,0.6
柚子果醬,食藥署台灣食品成分資料庫,100,262.9,0.6,64.5,0.8,調味料及香辛料類；每100g；食藥署標示值,15,0
桑葚果醬,食藥署台灣食品成分資料庫,100,224.7,0.9,54.9,0.4,調味料及香辛料類；每100g；食藥署標示值,32,0.4
白芝麻麵包醬,食藥署台灣食品成分資料庫,100,664.8,20.0,15.3,60.4,調味料及香辛料類；每100g；食藥署標示值,636,9.8
黑芝麻麵包醬,食藥署台灣食品成分資料庫,100,653.2,10.6,27.0,57.4,調味料及香辛料類；每100g；食藥署標示值,637,5
花生醬,食藥署台灣食品成分資料庫,100,635.4,24.0,17.9,54.3,調味料及香辛料類；每100g；食藥署標示值,22,2.4
洋蔥麵包醬,食藥署台灣食品成分資料庫,100,272.6,1.0,9.5,26.1,調味料及香辛料類；每100g；食藥署標示值,13,1.3
法式香蒜醬,食藥署台灣食品成分資料庫,100,789.8,1.1,3.8,85.7,調味料及香辛料類；每100g；食藥署標示值,9,0.3
無糖黑芝麻醬,食藥署台灣食品成分資料庫,100,585.8,20.7,17.7,56.0,調味料及香辛料類；每100g；食藥署標示值,1387,6.9
液體奶精,食藥署台灣食品成分資料庫,100,262.2,3.9,2.5,26.3,調味料及香辛料類；每100g；食藥署標示值,20,0.2
液體奶精(2021年),食藥署台灣食品成分資料庫,100,242.0,2.2,4.2,24.0,調味料及香辛料類；每100g；食藥署標示值,15,0
奶精粉,食藥署台灣食品成分資料庫,100,543.8,2.2,59.5,33.0,調味料及香辛料類；每100g；食藥署標示值,1,0.2
奶精粉(2021年),食藥署台灣食品成分資料庫,100,549.7,2.1,57.6,34.6,調味料及香辛料類；每100g；食藥署標示值,141,0
奶精粉(低脂),食藥署台灣食品成分資料庫,100,450.1,2.1,75.2,15.7,調味料及香辛料類；每100g；食藥署標示值,2,0.1
炸排粉,食藥署台灣食品成分資料庫,100,340.1,11.9,70.0,1.8,調味料及香辛料類；每100g；食藥署標示值,18,1.7
炸雞粉,食藥署台灣食品成分資料庫,100,320.4,8.3,71.0,1.7,調味料及香辛料類；每100g；食藥署標示值,19,2.7
蒸肉粉(五香),食藥署台灣食品成分資料庫,100,345.0,10.3,74.8,1.1,調味料及香辛料類；每100g；食藥署標示值,9,2.1
熱狗粉,食藥署台灣食品成分資料庫,100,352.3,8.3,78.4,0.9,調味料及香辛料類；每100g；食藥署標示值,8,0.4
麵包粉,食藥署台灣食品成分資料庫,100,364.5,14.4,74.6,1.5,調味料及香辛料類；每100g；食藥署標示值,20,1.8
酵母粉,食藥署台灣食品成分資料庫,100,304.3,46.3,40.4,0.0,調味料及香辛料類；每100g；食藥署標示值,119,7.8
冷藏寧波年糕,食藥署台灣食品成分資料庫,100,218.3,3.9,49.7,0.6,糕餅點心類；每100g；食藥署標示值,4,0.5
冷藏甜年糕,食藥署台灣食品成分資料庫,100,240.7,2.3,57.2,0.4,糕餅點心類；每100g；食藥署標示值,6,0.2
冷藏廣式芋頭粿,食藥署台灣食品成分資料庫,100,106.7,2.1,21.5,1.6,糕餅點心類；每100g；食藥署標示值,5,0.4
冷藏廣式蘿蔔糕,食藥署台灣食品成分資料庫,100,109.1,2.2,20.4,2.3,糕餅點心類；每100g；食藥署標示值,6,0.4
包餡甜麻糬(紅豆),食藥署台灣食品成分資料庫,100,325.1,10.0,65.7,2.9,糕餅點心類；每100g；食藥署標示值,8,0.4
鹹麻糬,食藥署台灣食品成分資料庫,100,244.9,8.7,43.2,4.5,糕餅點心類；每100g；食藥署標示值,6,0.8
芋仔餅,食藥署台灣食品成分資料庫,100,347.1,4.6,56.6,12.1,糕餅點心類；每100g；食藥署標示值,16,1.7
月餅(棗泥),食藥署台灣食品成分資料庫,100,412.6,6.0,57.9,18.2,糕餅點心類；每100g；食藥署標示值,34,2.6
綠豆凸,食藥署台灣食品成分資料庫,100,386.1,6.9,55.8,15.9,糕餅點心類；每100g；食藥署標示值,17,1
蕃薯餅,食藥署台灣食品成分資料庫,100,327.4,3.9,54.9,10.6,糕餅點心類；每100g；食藥署標示值,17,1.4
車輪餅(紅豆),食藥署台灣食品成分資料庫,100,174.1,2.1,42.3,1.1,糕餅點心類；每100g；食藥署標示值,32,1.3
車輪餅(菜脯),食藥署台灣食品成分資料庫,100,175.6,1.4,31.6,5.7,糕餅點心類；每100g；食藥署標示值,64,0.9
太陽餅,食藥署台灣食品成分資料庫,100,459.4,5.3,63.6,20.5,糕餅點心類；每100g；食藥署標示值,17,0.8
牛舌餅,食藥署台灣食品成分資料庫,100,410.9,5.7,67.4,13.2,糕餅點心類；每100g；食藥署標示值,20,0.8
蛋黃芋頭酥,食藥署台灣食品成分資料庫,100,212.1,3.1,44.2,3.0,糕餅點心類；每100g；食藥署標示值,29,1.2
蛋黃酥,食藥署台灣食品成分資料庫,100,457.3,11.4,44.5,26.4,糕餅點心類；每100g；食藥署標示值,59,4.1
鳳梨酥,食藥署台灣食品成分資料庫,100,480.8,4.2,62.0,24.4,糕餅點心類；每100g；食藥署標示值,39,0.7
蘿蔔酥,食藥署台灣食品成分資料庫,100,420.7,7.5,52.3,20.9,糕餅點心類；每100g；食藥署標示值,17,1.3
鳳眼糕,食藥署台灣食品成分資料庫,100,377.2,3.8,89.0,0.8,糕餅點心類；每100g；食藥署標示值,7,1.8
米粩,食藥署台灣食品成分資料庫,100,440.5,2.6,76.9,13.7,糕餅點心類；每100g；食藥署標示值,90,1.1
可頌,食藥署台灣食品成分資料庫,100,448.4,7.3,47.1,26.1,糕餅點心類；每100g；食藥署標示值,36,0.7
泡芙(巧克力),食藥署台灣食品成分資料庫,100,585.4,10.3,46.2,40.4,糕餅點心類；每100g；食藥署標示值,167,1.6
蛋塔,食藥署台灣食品成分資料庫,100,373.0,4.1,41.1,21.7,糕餅點心類；每100g；食藥署標示值,73,1
蛋塔(葡式),食藥署台灣食品成分資料庫,100,372.7,3.7,31.9,25.8,糕餅點心類；每100g；食藥署標示值,58,0.8
鬆餅,食藥署台灣食品成分資料庫,100,253.8,3.2,55.1,2.6,糕餅點心類；每100g；食藥署標示值,105,0.4
冷凍馬拉糕,食藥署台灣食品成分資料庫,100,317.4,7.0,44.0,12.9,糕餅點心類；每100g；食藥署標示值,49,0.8
銅鑼燒,食藥署台灣食品成分資料庫,100,328.1,3.4,57.2,9.9,糕餅點心類；每100g；食藥署標示值,46,1.1
冷凍馬蹄條,食藥署台灣食品成分資料庫,100,185.7,4.2,40.1,1.9,糕餅點心類；每100g；食藥署標示值,8,0.5
乳酪蛋糕,食藥署台灣食品成分資料庫,100,294.2,7.0,19.1,21.3,糕餅點心類；每100g；食藥署標示值,74,0.7
海綿蛋糕(圓形),食藥署台灣食品成分資料庫,100,338.8,5.1,40.2,18.1,糕餅點心類；每100g；食藥署標示值,43,1.1
提拉米蘇(圓形),食藥署台灣食品成分資料庫,100,326.5,4.4,21.1,25.1,糕餅點心類；每100g；食藥署標示值,73,0.6
蜂蜜蛋糕(原味),食藥署台灣食品成分資料庫,100,345.2,6.5,47.4,14.5,糕餅點心類；每100g；食藥署標示值,29,1.1
蜂蜜蛋糕(巧克力),食藥署台灣食品成分資料庫,100,337.9,6.9,43.1,15.6,糕餅點心類；每100g；食藥署標示值,28,1.6
蜂蜜蛋糕(起司),食藥署台灣食品成分資料庫,100,350.9,7.4,39.9,18.1,糕餅點心類；每100g；食藥署標示值,31,1.1
黑森林蛋糕,食藥署台灣食品成分資料庫,100,273.6,4.2,25.0,17.8,糕餅點心類；每100g；食藥署標示值,32,2.3
土司,食藥署台灣食品成分資料庫,100,282.9,9.5,48.6,6.3,糕餅點心類；每100g；食藥署標示值,23,1.4
土司(含全穀粉),食藥署台灣食品成分資料庫,100,283.3,10.0,49.2,6.1,糕餅點心類；每100g；食藥署標示值,18,1.3
紅豆土司,食藥署台灣食品成分資料庫,100,313.3,9.2,47.7,10.2,糕餅點心類；每100g；食藥署標示值,52,1.7
奶酥麵包,食藥署台灣食品成分資料庫,100,374.5,9.1,49.8,15.7,糕餅點心類；每100g；食藥署標示值,30,0.6
肉鬆麵包,食藥署台灣食品成分資料庫,100,422.8,8.1,47.6,22.9,糕餅點心類；每100g；食藥署標示值,37,1.4
蜜糖甜甜圈(波/摩堤),食藥署台灣食品成分資料庫,100,394.8,2.0,50.6,20.7,糕餅點心類；每100g；食藥署標示值,40,0.4
糖粒甜甜圈(油炸),食藥署台灣食品成分資料庫,100,397.1,5.3,50.3,19.8,糕餅點心類；每100g；食藥署標示值,41,0.8
菠蘿麵包,食藥署台灣食品成分資料庫,100,376.1,9.2,51.5,15.0,糕餅點心類；每100g；食藥署標示值,97,0.7
葡萄乾奶酥麵包,食藥署台灣食品成分資料庫,100,299.4,8.4,50.4,7.9,糕餅點心類；每100g；食藥署標示值,96,0.8
漢堡包,食藥署台灣食品成分資料庫,100,315.9,9.1,54.9,7.4,糕餅點心類；每100g；食藥署標示值,35,1.2
餐包,食藥署台灣食品成分資料庫,100,361.2,7.2,50.5,14.9,糕餅點心類；每100g；食藥署標示值,59,1
雙胞胎麵包,食藥署台灣食品成分資料庫,100,340.0,8.4,59.6,7.7,糕餅點心類；每100g；食藥署標示值,10,0.9
仙草凍,食藥署台灣食品成分資料庫,100,18.6,0.9,3.7,0.1,糕餅點心類；每100g；食藥署標示值,2,0.2
仙草凍(2020取樣),食藥署台灣食品成分資料庫,100,19.1,0.3,4.1,0.2,糕餅點心類；每100g；食藥署標示值,12,0.7
咖啡凍,食藥署台灣食品成分資料庫,100,74.1,0.1,18.1,0.2,糕餅點心類；每100g；食藥署標示值,6,0.1
粉粿,食藥署台灣食品成分資料庫,100,63.5,0.0,15.5,0.1,糕餅點心類；每100g；食藥署標示值,9,0
鮮奶布丁,食藥署台灣食品成分資料庫,100,110.1,3.0,13.1,5.1,糕餅點心類；每100g；食藥署標示值,81,0
烤布丁,食藥署台灣食品成分資料庫,100,138.2,4.7,13.8,7.1,糕餅點心類；每100g；食藥署標示值,118,0.4
黃布丁,食藥署台灣食品成分資料庫,100,109.8,2.3,17.3,3.5,糕餅點心類；每100g；食藥署標示值,57,0.1
豆花(花生),食藥署台灣食品成分資料庫,100,58.5,2.0,10.9,0.9,糕餅點心類；每100g；食藥署標示值,6,0.7
傳統豆花(未加糖),食藥署台灣食品成分資料庫,100,37.4,3.2,2.1,1.9,糕餅點心類；每100g；食藥署標示值,300,0.7
羊羹,食藥署台灣食品成分資料庫,100,282.5,3.0,67.6,0.7,糕餅點心類；每100g；食藥署標示值,15,1.7
巧克力冰淇淋,食藥署台灣食品成分資料庫,100,191.8,4.2,19.9,10.6,糕餅點心類；每100g；食藥署標示值,68,1.7
香草冰淇淋,食藥署台灣食品成分資料庫,100,182.1,2.5,22.6,9.1,糕餅點心類；每100g；食藥署標示值,66,0.1
紅豆牛奶冰棒,食藥署台灣食品成分資料庫,100,151.6,3.5,24.3,4.9,糕餅點心類；每100g；食藥署標示值,72,0.4
花生仁湯,食藥署台灣食品成分資料庫,100,105.3,2.8,12.7,5.1,糕餅點心類；每100g；食藥署標示值,16,0.3
方塊酥,食藥署台灣食品成分資料庫,100,507.7,7.1,66.1,24.1,糕餅點心類；每100g；食藥署標示值,13,1
夾心餅乾(草莓),食藥署台灣食品成分資料庫,100,514.3,4.8,62.8,27.4,糕餅點心類；每100g；食藥署標示值,25,1.4
捲心酥,食藥署台灣食品成分資料庫,100,487.1,6.1,71.7,19.9,糕餅點心類；每100g；食藥署標示值,83,2.1
蛋捲(芝麻),食藥署台灣食品成分資料庫,100,546.6,6.8,55.5,33.3,糕餅點心類；每100g；食藥署標示值,34,1.3
煎餅,食藥署台灣食品成分資料庫,100,435.3,6.3,78.3,11.7,糕餅點心類；每100g；食藥署標示值,56,0.7
營養口糧,食藥署台灣食品成分資料庫,100,418.8,6.8,79.7,8.7,糕餅點心類；每100g；食藥署標示值,94,0.9
蘇打餅乾(蔬菜),食藥署台灣食品成分資料庫,100,506.3,7.8,64.5,24.7,糕餅點心類；每100g；食藥署標示值,20,1.2
玉米餅乾(原味),食藥署台灣食品成分資料庫,100,493.8,7.6,63.8,24.3,糕餅點心類；每100g；食藥署標示值,106,1.9
洋芋片,食藥署台灣食品成分資料庫,100,548.5,5.2,55.8,34.3,糕餅點心類；每100g；食藥署標示值,17,1.7
魚酥,食藥署台灣食品成分資料庫,100,563.6,8.3,50.3,36.6,糕餅點心類；每100g；食藥署標示值,275,2.7
零食泡麵,食藥署台灣食品成分資料庫,100,476.9,11.3,61.3,21.5,糕餅點心類；每100g；食藥署標示值,25,0.9
雪餅,食藥署台灣食品成分資料庫,100,484.7,5.8,72.3,19.4,糕餅點心類；每100g；食藥署標示值,14,0.7
沙其馬,食藥署台灣食品成分資料庫,100,483.7,5.6,60.2,24.8,糕餅點心類；每100g；食藥署標示值,46,1.1
牛奶巧克力,食藥署台灣食品成分資料庫,100,546.5,9.4,54.0,32.6,糕餅點心類；每100g；食藥署標示值,250,3.3
花生牛奶巧克力,食藥署台灣食品成分資料庫,100,485.5,13.0,56.9,23.2,糕餅點心類；每100g；食藥署標示值,199,1.1
榛果牛奶巧克力,食藥署台灣食品成分資料庫,100,581.0,9.0,47.5,40.4,糕餅點心類；每100g；食藥署標示值,10,2.3
糖衣牛奶巧克力,食藥署台灣食品成分資料庫,100,479.2,4.8,73.6,18.6,糕餅點心類；每100g；食藥署標示值,97,0.3
白巧克力風味糖,食藥署台灣食品成分資料庫,100,561.9,8.6,53.8,34.7,糕餅點心類；每100g；食藥署標示值,198,0.3
黑巧克力(85%),食藥署台灣食品成分資料庫,100,584.6,10.9,38.7,46.1,糕餅點心類；每100g；食藥署標示值,86,10.6
白芝麻糖,食藥署台灣食品成分資料庫,100,511.9,8.4,62.9,26.2,糕餅點心類；每100g；食藥署標示值,11,3.3
黑芝麻糖,食藥署台灣食品成分資料庫,100,516.1,8.5,57.0,30.4,糕餅點心類；每100g；食藥署標示值,627,6.8
花生糖,食藥署台灣食品成分資料庫,100,556.4,17.9,43.3,35.3,糕餅點心類；每100g；食藥署標示值,12,2.1
花生貢糖,食藥署台灣食品成分資料庫,100,503.9,13.5,55.0,26.3,糕餅點心類；每100g；食藥署標示值,8,5.7
牛軋糖,食藥署台灣食品成分資料庫,100,470.4,9.7,60.8,21.7,糕餅點心類；每100g；食藥署標示值,26,0.8
核棗糕,食藥署台灣食品成分資料庫,100,422.4,2.5,71.1,14.6,糕餅點心類；每100g；食藥署標示值,9,1
水果軟糖,食藥署台灣食品成分資料庫,100,411.2,1.2,82.6,8.4,糕餅點心類；每100g；食藥署標示值,4,0
水果QQ軟糖,食藥署台灣食品成分資料庫,100,342.4,6.8,78.3,0.2,糕餅點心類；每100g；食藥署標示值,5,0
牛奶軟糖,食藥署台灣食品成分資料庫,100,423.8,2.9,78.0,11.1,糕餅點心類；每100g；食藥署標示值,57,0
巧克力牛奶軟糖,食藥署台灣食品成分資料庫,100,422.2,3.4,76.7,11.3,糕餅點心類；每100g；食藥署標示值,51,1
太妃糖,食藥署台灣食品成分資料庫,100,438.3,2.7,75.6,13.9,糕餅點心類；每100g；食藥署標示值,29,0.7
蓮藕糖,食藥署台灣食品成分資料庫,100,395.0,0.2,97.8,0.4,糕餅點心類；每100g；食藥署標示值,12,0
枇杷糖,食藥署台灣食品成分資料庫,100,393.7,0.2,98.0,0.1,糕餅點心類；每100g；食藥署標示值,4,0
苦茶糖,食藥署台灣食品成分資料庫,100,396.4,0.1,98.5,0.2,糕餅點心類；每100g；食藥署標示值,0,0.2
薑糖,食藥署台灣食品成分資料庫,100,357.1,0.3,84.0,2.5,糕餅點心類；每100g；食藥署標示值,1,0.8
巧克力夾心糖,食藥署台灣食品成分資料庫,100,402.6,0.7,93.7,2.8,糕餅點心類；每100g；食藥署標示值,10,0
維生素C口含錠(檸檬),食藥署台灣食品成分資料庫,100,398.7,0.2,98.3,0.6,糕餅點心類；每100g；食藥署標示值,2,0
酵母菌咀嚼錠,食藥署台灣食品成分資料庫,100,371.6,23.6,61.4,5.6,糕餅點心類；每100g；食藥署標示值,8,10.3
乳酸球,食藥署台灣食品成分資料庫,100,451.1,3.8,66.1,21.6,糕餅點心類；每100g；食藥署標示值,137,0.5
羊乳片,食藥署台灣食品成分資料庫,100,410.0,23.4,56.6,10.0,糕餅點心類；每100g；食藥署標示值,860,0.9
紅豆球,食藥署台灣食品成分資料庫,100,338.2,7.1,78.4,1.0,糕餅點心類；每100g；食藥署標示值,13,3.1
綠豆球,食藥署台灣食品成分資料庫,100,332.8,6.2,77.9,1.1,糕餅點心類；每100g；食藥署標示值,14,3.2
棉花糖,食藥署台灣食品成分資料庫,100,331.3,3.2,78.9,0.3,糕餅點心類；每100g；食藥署標示值,1,0
甘薯蜜餞,食藥署台灣食品成分資料庫,100,338.5,0.9,84.3,0.6,糕餅點心類；每100g；食藥署標示值,67,0.8
芒果青,食藥署台灣食品成分資料庫,100,217.2,0.6,54.2,0.4,糕餅點心類；每100g；食藥署標示值,47,1.4
芭樂果乾,食藥署台灣食品成分資料庫,100,329.2,1.1,85.2,0.2,糕餅點心類；每100g；食藥署標示值,49,3.8
鳳梨果乾,食藥署台灣食品成分資料庫,100,341.7,2.0,84.6,0.2,糕餅點心類；每100g；食藥署標示值,21,0
檸檬果乾,食藥署台灣食品成分資料庫,100,327.2,0.8,84.6,0.2,糕餅點心類；每100g；食藥署標示值,96,1.3
豆干丁(五香),食藥署台灣食品成分資料庫,100,377.0,35.4,19.6,18.1,糕餅點心類；每100g；食藥署標示值,640,3.3
豆干片(沙茶),食藥署台灣食品成分資料庫,100,453.7,16.2,36.4,28.2,糕餅點心類；每100g；食藥署標示值,450,2.8
布丁粉,食藥署台灣食品成分資料庫,100,418.7,2.7,86.1,7.1,糕餅點心類；每100g；食藥署標示值,28,1.1
冰淇淋粉(香草),食藥署台灣食品成分資料庫,100,430.1,15.9,65.3,11.7,糕餅點心類；每100g；食藥署標示值,453,0.3
起酥片,食藥署台灣食品成分資料庫,100,401.3,6.7,33.8,26.9,糕餅點心類；每100g；食藥署標示值,10,0.3
廣東粥,食藥署台灣食品成分資料庫,100,81.0,4.9,9.1,2.8,加工調理食品及其他類；每100g；食藥署標示值,5,1.7
冷凍火腿炒飯,食藥署台灣食品成分資料庫,100,185.2,5.0,29.7,5.6,加工調理食品及其他類；每100g；食藥署標示值,23,0.4
冷凍蝦仁炒飯,食藥署台灣食品成分資料庫,100,142.5,4.7,24.6,3.4,加工調理食品及其他類；每100g；食藥署標示值,24,0.6
三角飯糰(肉鬆),食藥署台灣食品成分資料庫,100,214.9,5.8,36.6,5.5,加工調理食品及其他類；每100g；食藥署標示值,12,0.3
糯米飯糰,食藥署台灣食品成分資料庫,100,333.0,5.9,38.3,17.6,加工調理食品及其他類；每100g；食藥署標示值,15,0.6
壽司(豆皮壽司),食藥署台灣食品成分資料庫,100,193.0,6.3,31.7,4.7,加工調理食品及其他類；每100g；食藥署標示值,17,0.9
肉粽,食藥署台灣食品成分資料庫,100,233.6,8.2,30.7,8.8,加工調理食品及其他類；每100g；食藥署標示值,8,1.3
鹼粽,食藥署台灣食品成分資料庫,100,130.3,2.1,26.8,1.7,加工調理食品及其他類；每100g；食藥署標示值,5,0
冷凍筒仔米糕,食藥署台灣食品成分資料庫,100,210.6,6.5,33.6,5.8,加工調理食品及其他類；每100g；食藥署標示值,6,0.8
筒仔米糕,食藥署台灣食品成分資料庫,100,243.6,6.6,35.5,8.6,加工調理食品及其他類；每100g；食藥署標示值,16,1.6
豬血糕,食藥署台灣食品成分資料庫,100,192.0,8.6,37.8,0.9,加工調理食品及其他類；每100g；食藥署標示值,9,12.8
鴨血糕,食藥署台灣食品成分資料庫,100,190.1,6.7,39.1,1.1,加工調理食品及其他類；每100g；食藥署標示值,14,9.7
肉圓,食藥署台灣食品成分資料庫,100,135.4,3.1,27.3,1.6,加工調理食品及其他類；每100g；食藥署標示值,9,0.9
清蒸蝦仁肉圓,食藥署台灣食品成分資料庫,100,149.2,4.6,16.7,7.4,加工調理食品及其他類；每100g；食藥署標示值,7,0.7
甜酒釀,食藥署台灣食品成分資料庫,100,162.0,5.0,34.8,0.4,加工調理食品及其他類；每100g；食藥署標示值,5,0
紫米酒釀,食藥署台灣食品成分資料庫,100,153.2,4.2,33.6,0.4,加工調理食品及其他類；每100g；食藥署標示值,6,0.4
冷凍芝麻湯圓,食藥署台灣食品成分資料庫,100,350.7,4.8,46.7,16.3,加工調理食品及其他類；每100g；食藥署標示值,61,0.8
冷凍花生湯圓,食藥署台灣食品成分資料庫,100,348.6,5.2,47.1,15.6,加工調理食品及其他類；每100g；食藥署標示值,9,0.7
冷凍豬肉湯圓,食藥署台灣食品成分資料庫,100,280.6,6.5,36.6,12.1,加工調理食品及其他類；每100g；食藥署標示值,6,0.4
免煮飯,食藥署台灣食品成分資料庫,100,167.2,3.2,37.0,0.3,加工調理食品及其他類；每100g；食藥署標示值,3,0.1
埔里米粉,食藥署台灣食品成分資料庫,100,355.4,0.5,87.7,0.5,加工調理食品及其他類；每100g；食藥署標示值,9,1.3
細米粉,食藥署台灣食品成分資料庫,100,353.4,0.4,87.2,0.6,加工調理食品及其他類；每100g；食藥署標示值,3,1
濁水米粉,食藥署台灣食品成分資料庫,100,356.7,5.2,81.1,1.3,加工調理食品及其他類；每100g；食藥署標示值,19,1
米粄條,食藥署台灣食品成分資料庫,100,126.6,1.1,29.2,0.9,加工調理食品及其他類；每100g；食藥署標示值,11,0.3
米苔目,食藥署台灣食品成分資料庫,100,120.9,0.6,29.6,0.1,加工調理食品及其他類；每100g；食藥署標示值,10,0.4
粿仔條,食藥署台灣食品成分資料庫,100,192.6,0.5,45.0,1.2,加工調理食品及其他類；每100g；食藥署標示值,19,0
米漿(散裝),食藥署台灣食品成分資料庫,100,60.3,0.6,13.7,0.5,加工調理食品及其他類；每100g；食藥署標示值,4,0.1
保久米漿,食藥署台灣食品成分資料庫,100,61.0,1.0,11.3,1.5,加工調理食品及其他類；每100g；食藥署標示值,5,0.1
糙米漿,食藥署台灣食品成分資料庫,100,69.4,1.3,11.6,2.2,加工調理食品及其他類；每100g；食藥署標示值,4,0.1
糙秈米漿,食藥署台灣食品成分資料庫,100,66.5,0.9,11.4,2.1,穀物類；每100g；食藥署標示值,6,0
糯米漿,食藥署台灣食品成分資料庫,100,50.6,0.8,10.2,0.8,加工調理食品及其他類；每100g；食藥署標示值,3,0.2
黑糯米漿,食藥署台灣食品成分資料庫,100,49.7,0.4,11.6,0.2,加工調理食品及其他類；每100g；食藥署標示值,4,0.1
米漿粉,食藥署台灣食品成分資料庫,100,440.2,9.1,74.3,12.3,加工調理食品及其他類；每100g；食藥署標示值,9,2.6
燕麥奶,食藥署台灣食品成分資料庫,100,41.7,1.0,8.1,0.8,加工調理食品及其他類；每100g；食藥署標示值,4,0.1
玉米粒罐頭,食藥署台灣食品成分資料庫,100,82.7,2.3,16.9,1.4,加工調理食品及其他類；每100g；食藥署標示值,4,0.5
玉米醬罐頭,食藥署台灣食品成分資料庫,100,62.2,1.4,14.0,0.4,加工調理食品及其他類；每100g；食藥署標示值,3,0.8
麵筋(未調味),食藥署台灣食品成分資料庫,100,639.2,42.5,0.0,53.0,加工調理食品及其他類；每100g；食藥署標示值,26,3.1
麵腸(未調味),食藥署台灣食品成分資料庫,100,136.8,20.6,9.7,1.9,加工調理食品及其他類；每100g；食藥署標示值,6,2
水餃皮,食藥署台灣食品成分資料庫,100,260.6,7.8,57.0,0.5,加工調理食品及其他類；每100g；食藥署標示值,13,0.6
春捲皮,食藥署台灣食品成分資料庫,100,236.8,8.3,50.4,0.7,加工調理食品及其他類；每100g；食藥署標示值,16,0.7
餛飩皮,食藥署台灣食品成分資料庫,100,267.9,8.3,58.2,0.5,加工調理食品及其他類；每100g；食藥署標示值,15,0.6
長麵線,食藥署台灣食品成分資料庫,100,306.0,10.7,64.3,1.1,加工調理食品及其他類；每100g；食藥署標示值,15,1
紅麵線,食藥署台灣食品成分資料庫,100,302.8,11.3,62.3,1.4,加工調理食品及其他類；每100g；食藥署標示值,19,1.7
麵線,食藥署台灣食品成分資料庫,100,344.7,11.7,72.4,1.5,加工調理食品及其他類；每100g；食藥署標示值,17,1
雞絲麵,食藥署台灣食品成分資料庫,100,460.6,9.4,55.0,22.8,加工調理食品及其他類；每100g；食藥署標示值,14,1.3
乾麵條,食藥署台灣食品成分資料庫,100,346.7,11.6,72.5,1.5,加工調理食品及其他類；每100g；食藥署標示值,18,0.7
油麵條,食藥署台灣食品成分資料庫,100,359.2,11.4,76.3,1.2,加工調理食品及其他類；每100g；食藥署標示值,16,0.8
紅蘿蔔麵,食藥署台灣食品成分資料庫,100,347.1,12.1,73.8,1.0,加工調理食品及其他類；每100g；食藥署標示值,5,1.1
通心麵,食藥署台灣食品成分資料庫,100,354.9,13.8,72.6,1.4,加工調理食品及其他類；每100g；食藥署標示值,12,1.5
菠菜麵,食藥署台灣食品成分資料庫,100,350.7,11.8,74.4,1.2,加工調理食品及其他類；每100g；食藥署標示值,4,1
鍋燒意麵,食藥署台灣食品成分資料庫,100,472.9,10.0,58.5,22.8,加工調理食品及其他類；每100g；食藥署標示值,7,1
雞蛋麵,食藥署台灣食品成分資料庫,100,352.2,12.5,74.8,0.9,加工調理食品及其他類；每100g；食藥署標示值,5,1.7
刀削麵,食藥署台灣食品成分資料庫,100,264.7,8.4,56.2,0.9,加工調理食品及其他類；每100g；食藥署標示值,2,0.5
拉麵,食藥署台灣食品成分資料庫,100,289.7,9.1,62.1,0.8,加工調理食品及其他類；每100g；食藥署標示值,9,0.5
意麵,食藥署台灣食品成分資料庫,100,280.6,10.1,60.1,1.0,加工調理食品及其他類；每100g；食藥署標示值,10,1.1
衛生油麵,食藥署台灣食品成分資料庫,100,162.1,5.5,31.2,1.8,加工調理食品及其他類；每100g；食藥署標示值,12,0.4
金門黃麵,食藥署台灣食品成分資料庫,100,153.3,6.4,31.9,0.5,加工調理食品及其他類；每100g；食藥署標示值,6,1
冷凍烏龍麵,食藥署台灣食品成分資料庫,100,125.7,3.4,28.2,0.3,加工調理食品及其他類；每100g；食藥署標示值,7,0
鍋燒麵,食藥署台灣食品成分資料庫,100,118.7,4.5,24.6,0.4,加工調理食品及其他類；每100g；食藥署標示值,4,0.2
蕎麥麵(乾),食藥署台灣食品成分資料庫,100,340.5,12.7,70.6,1.7,加工調理食品及其他類；每100g；食藥署標示值,27,2.2
蕎麥麵(濕),食藥署台灣食品成分資料庫,100,148.0,6.3,28.6,1.5,加工調理食品及其他類；每100g；食藥署標示值,11,0.8
炒板條,食藥署台灣食品成分資料庫,100,147.0,4.2,23.7,4.2,加工調理食品及其他類；每100g；食藥署標示值,4,0.6
泡麵(牛肉口味),食藥署台灣食品成分資料庫,100,469.7,9.6,53.6,24.5,加工調理食品及其他類；每100g；食藥署標示值,13,1.6
泡麵(鮮蝦口味),食藥署台灣食品成分資料庫,100,471.4,9.6,55.5,23.8,加工調理食品及其他類；每100g；食藥署標示值,52,2.3
擔仔麵,食藥署台灣食品成分資料庫,100,118.7,4.4,11.9,6.5,加工調理食品及其他類；每100g；食藥署標示值,6,1.3
冷凍牛肉水餃,食藥署台灣食品成分資料庫,100,212.7,8.9,23.1,9.7,加工調理食品及其他類；每100g；食藥署標示值,4,0.9
冷凍豬肉水餃,食藥署台灣食品成分資料庫,100,205.9,8.1,22.1,9.7,加工調理食品及其他類；每100g；食藥署標示值,18,0.6
冷凍豬肉韭菜水餃,食藥署台灣食品成分資料庫,100,225.3,8.4,23.0,11.5,加工調理食品及其他類；每100g；食藥署標示值,18,0.7
冷凍豬肉蟹黃水餃,食藥署台灣食品成分資料庫,100,220.5,7.8,26.0,9.8,加工調理食品及其他類；每100g；食藥署標示值,8,0.6
冷凍香菇雞肉水餃,食藥署台灣食品成分資料庫,100,216.3,9.5,22.7,10.2,加工調理食品及其他類；每100g；食藥署標示值,14,1.2
冷凍素食水餃,食藥署台灣食品成分資料庫,100,169.4,8.7,25.8,4.1,加工調理食品及其他類；每100g；食藥署標示值,44,1.2
冷凍鮪魚水餃,食藥署台灣食品成分資料庫,100,193.4,9.0,20.8,8.5,加工調理食品及其他類；每100g；食藥署標示值,7,0.8
冷凍豬肉熟水餃,食藥署台灣食品成分資料庫,100,230.9,7.2,28.9,10.1,加工調理食品及其他類；每100g；食藥署標示值,8,0.8
冷凍素食熟水餃,食藥署台灣食品成分資料庫,100,204.0,7.2,32.9,5.4,加工調理食品及其他類；每100g；食藥署標示值,15,0.8
冷凍冬菜蝦仁餛飩,食藥署台灣食品成分資料庫,100,186.3,9.1,24.5,6.3,加工調理食品及其他類；每100g；食藥署標示值,33,1.1
冷凍豬肉餛飩,食藥署台灣食品成分資料庫,100,234.1,11.1,20.5,12.6,加工調理食品及其他類；每100g；食藥署標示值,17,0.7
冷凍菜肉餛飩,食藥署台灣食品成分資料庫,100,228.1,9.1,13.3,16.3,加工調理食品及其他類；每100g；食藥署標示值,44,1.3
溫州餛飩,食藥署台灣食品成分資料庫,100,143.7,6.5,11.9,7.9,加工調理食品及其他類；每100g；食藥署標示值,7,1.4
豬肉鍋貼,食藥署台灣食品成分資料庫,100,234.6,7.8,26.2,11.3,加工調理食品及其他類；每100g；食藥署標示值,9,0.7
熟水餃(高麗菜水餃),食藥署台灣食品成分資料庫,100,195.7,7.4,19.7,10.1,加工調理食品及其他類；每100g；食藥署標示值,15,0.6
冷凍叉燒包,食藥署台灣食品成分資料庫,100,263.6,8.8,47.0,4.8,加工調理食品及其他類；每100g；食藥署標示值,25,0.7
冷凍酸菜焢肉包子,食藥署台灣食品成分資料庫,100,296.9,8.6,37.2,13.1,加工調理食品及其他類；每100g；食藥署標示值,11,0.8
冷凍芋泥包,食藥署台灣食品成分資料庫,100,258.2,6.6,51.1,3.6,加工調理食品及其他類；每100g；食藥署標示值,16,0.5
冷凍豆沙包,食藥署台灣食品成分資料庫,100,243.2,7.4,51.8,1.1,加工調理食品及其他類；每100g；食藥署標示值,21,0.7
冷凍芝麻包,食藥署台灣食品成分資料庫,100,339.6,7.2,51.7,11.7,加工調理食品及其他類；每100g；食藥署標示值,4,1.1
冷凍蓮蓉包,食藥署台灣食品成分資料庫,100,287.5,7.9,52.8,5.5,加工調理食品及其他類；每100g；食藥署標示值,24,0.7
冷凍叉燒包子,食藥署台灣食品成分資料庫,100,262.2,7.1,46.0,6.1,加工調理食品及其他類；每100g；食藥署標示值,6,0.3
冷凍牛肉包子,食藥署台灣食品成分資料庫,100,265.1,10.8,46.1,4.6,加工調理食品及其他類；每100g；食藥署標示值,5,1.3
冷凍豬肉包子,食藥署台灣食品成分資料庫,100,263.3,7.6,38.2,9.2,加工調理食品及其他類；每100g；食藥署標示值,19,0.7
冷凍豬肉湯包,食藥署台灣食品成分資料庫,100,228.5,10.1,16.3,14.3,加工調理食品及其他類；每100g；食藥署標示值,15,0.7
小籠包,食藥署台灣食品成分資料庫,100,239.1,9.6,15.9,15.5,加工調理食品及其他類；每100g；食藥署標示值,11,0.5
冷凍素菜包子,食藥署台灣食品成分資料庫,100,231.8,8.6,41.4,3.8,加工調理食品及其他類；每100g；食藥署標示值,28,0.6
竹筍包,食藥署台灣食品成分資料庫,100,203.4,6.9,32.9,5.5,加工調理食品及其他類；每100g；食藥署標示值,14,0.5
冷凍白饅頭,食藥署台灣食品成分資料庫,100,274.5,7.4,57.0,2.4,加工調理食品及其他類；每100g；食藥署標示值,9,0.5
白饅頭,食藥署台灣食品成分資料庫,100,246.2,8.1,51.3,1.2,加工調理食品及其他類；每100g；食藥署標示值,21,0.4
芋頭饅頭,食藥署台灣食品成分資料庫,100,150.3,5.7,31.5,0.6,加工調理食品及其他類；每100g；食藥署標示值,17,0.6
花捲,食藥署台灣食品成分資料庫,100,224.4,5.7,47.0,1.9,加工調理食品及其他類；每100g；食藥署標示值,14,0.6
冷藏堅果饅頭,食藥署台灣食品成分資料庫,100,296.1,9.6,47.3,8.8,加工調理食品及其他類；每100g；食藥署標示值,11,2.1
黑糖饅頭,食藥署台灣食品成分資料庫,100,230.0,6.8,50.0,0.9,加工調理食品及其他類；每100g；食藥署標示值,19,0.8
冷凍銀絲卷(奶黃),食藥署台灣食品成分資料庫,100,278.5,8.9,54.5,3.2,加工調理食品及其他類；每100g；食藥署標示值,9,0.9
火腿蛋三明治,食藥署台灣食品成分資料庫,100,272.4,10.9,28.2,13.2,加工調理食品及其他類；每100g；食藥署標示值,33,1.5
披薩(夏威夷),食藥署台灣食品成分資料庫,100,266.1,12.0,35.9,8.7,加工調理食品及其他類；每100g；食藥署標示值,157,0.6
冷凍披薩(黑胡椒火腿),食藥署台灣食品成分資料庫,100,205.8,9.3,27.7,6.8,加工調理食品及其他類；每100g；食藥署標示值,32,0.5
蔥油餅,食藥署台灣食品成分資料庫,100,299.9,8.3,46.9,9.3,加工調理食品及其他類；每100g；食藥署標示值,19,0.4
冷凍蔥油餅,食藥署台灣食品成分資料庫,100,255.5,9.1,48.5,3.1,加工調理食品及其他類；每100g；食藥署標示值,8,1.3
冷凍蛋餅皮,食藥署台灣食品成分資料庫,100,228.2,5.7,43.7,3.7,加工調理食品及其他類；每100g；食藥署標示值,15,0.7
燒餅,食藥署台灣食品成分資料庫,100,320.3,9.1,51.1,9.1,加工調理食品及其他類；每100g；食藥署標示值,8,1
韭菜盒子,食藥署台灣食品成分資料庫,100,214.3,7.5,19.5,12.1,加工調理食品及其他類；每100g；食藥署標示值,59,1.5
大餅包小餅(紅豆),食藥署台灣食品成分資料庫,100,374.5,8.3,48.5,16.5,加工調理食品及其他類；每100g；食藥署標示值,8,0.9
水煎包,食藥署台灣食品成分資料庫,100,162.6,4.3,25.2,5.4,加工調理食品及其他類；每100g；食藥署標示值,41,0.6
牛肉餡餅,食藥署台灣食品成分資料庫,100,222.6,9.6,23.3,10.4,加工調理食品及其他類；每100g；食藥署標示值,11,1.3
豬肉餡餅,食藥署台灣食品成分資料庫,100,324.2,6.2,23.1,23.3,加工調理食品及其他類；每100g；食藥署標示值,15,0.7
冷凍燒賣,食藥署台灣食品成分資料庫,100,183.4,9.9,15.3,9.7,加工調理食品及其他類；每100g；食藥署標示值,20,1
冷凍水晶包,食藥署台灣食品成分資料庫,100,208.1,4.8,30.4,7.8,加工調理食品及其他類；每100g；食藥署標示值,7,0.4
"冷凍,水晶餃",食藥署台灣食品成分資料庫,100,188.7,2.8,36.8,3.5,加工調理食品及其他類；每100g；食藥署標示值,19,0.9
油條,食藥署台灣食品成分資料庫,100,548.1,10.1,37.3,40.2,加工調理食品及其他類；每100g；食藥署標示值,9,0.9
冷凍春捲,食藥署台灣食品成分資料庫,100,266.1,5.1,31.5,13.9,加工調理食品及其他類；每100g；食藥署標示值,1,1.3
蚵仔煎,食藥署台灣食品成分資料庫,100,191.2,4.9,19.7,10.4,加工調理食品及其他類；每100g；食藥署標示值,31,2.9
棺材板,食藥署台灣食品成分資料庫,100,261.3,7.0,19.7,17.5,加工調理食品及其他類；每100g；食藥署標示值,8,0.5
油豆腐粉絲(阿給),食藥署台灣食品成分資料庫,100,143.0,6.9,15.7,6.2,加工調理食品及其他類；每100g；食藥署標示值,110,1.9
冷凍可樂餅(奶汁),食藥署台灣食品成分資料庫,100,112.0,3.6,19.8,2.3,加工調理食品及其他類；每100g；食藥署標示值,7,0.6
芋圓,食藥署台灣食品成分資料庫,100,212.1,0.9,52.1,0.2,加工調理食品及其他類；每100g；食藥署標示值,29,3
粉圓,食藥署台灣食品成分資料庫,100,345.3,0.2,86.2,0.0,加工調理食品及其他類；每100g；食藥署標示值,43,0
冷凍甘薯條,食藥署台灣食品成分資料庫,100,174.8,1.8,29.0,6.5,加工調理食品及其他類；每100g；食藥署標示值,25,1.6
冷凍馬鈴薯條,食藥署台灣食品成分資料庫,100,144.2,2.2,25.5,4.5,加工調理食品及其他類；每100g；食藥署標示值,11,0.6
西谷米,食藥署台灣食品成分資料庫,100,359.8,0.1,89.7,0.1,加工調理食品及其他類；每100g；食藥署標示值,11,0.9
台式泡菜,食藥署台灣食品成分資料庫,100,57.2,0.9,13.1,0.3,加工調理食品及其他類；每100g；食藥署標示值,25,0
黃金泡菜,食藥署台灣食品成分資料庫,100,107.6,2.4,12.5,5.7,加工調理食品及其他類；每100g；食藥署標示值,44,0.6
韓式泡菜,食藥署台灣食品成分資料庫,100,29.6,2.0,5.8,0.4,加工調理食品及其他類；每100g；食藥署標示值,63,1.1
花瓜罐頭,食藥署台灣食品成分資料庫,100,86.7,2.9,18.8,0.2,加工調理食品及其他類；每100g；食藥署標示值,13,3.4
冷凍洋蔥圈,食藥署台灣食品成分資料庫,100,275.6,4.0,41.4,11.0,加工調理食品及其他類；每100g；食藥署標示值,130,0.3
醃辣椒,食藥署台灣食品成分資料庫,100,51.5,1.9,10.6,0.3,加工調理食品及其他類；每100g；食藥署標示值,29,0
桂竹筍片,食藥署台灣食品成分資料庫,100,14.2,1.0,3.3,0.2,加工調理食品及其他類；每100g；食藥署標示值,11,0.3
薤,食藥署台灣食品成分資料庫,100,7.7,0.5,1.9,0.2,加工調理食品及其他類；每100g；食藥署標示值,35,1.6
甘藍乾,食藥署台灣食品成分資料庫,100,188.4,7.2,38.9,1.1,加工調理食品及其他類；每100g；食藥署標示值,254,5.2
酸甘藍菜,食藥署台灣食品成分資料庫,100,17.7,1.4,4.2,0.2,加工調理食品及其他類；每100g；食藥署標示值,38,0.8
梅乾菜,食藥署台灣食品成分資料庫,100,89.9,5.5,20.8,1.1,加工調理食品及其他類；每100g；食藥署標示值,381,35.6
榨菜,食藥署台灣食品成分資料庫,100,21.1,1.3,4.6,0.4,加工調理食品及其他類；每100g；食藥署標示值,47,2
酸菜,食藥署台灣食品成分資料庫,100,14.4,0.8,3.2,0.3,加工調理食品及其他類；每100g；食藥署標示值,50,1.1
醃漬冬瓜,食藥署台灣食品成分資料庫,100,23.8,2.5,4.1,0.2,加工調理食品及其他類；每100g；食藥署標示值,51,1.3
醃漬花胡瓜,食藥署台灣食品成分資料庫,100,85.0,3.0,18.1,0.5,加工調理食品及其他類；每100g；食藥署標示值,28,1.1
醃漬越瓜,食藥署台灣食品成分資料庫,100,15.3,1.1,3.0,0.1,加工調理食品及其他類；每100g；食藥署標示值,28,0.3
銀耳罐頭,食藥署台灣食品成分資料庫,100,46.2,0.1,12.0,0.1,加工調理食品及其他類；每100g；食藥署標示值,11,0.5
草菇罐頭,食藥署台灣食品成分資料庫,100,29.4,3.3,5.4,0.1,加工調理食品及其他類；每100g；食藥署標示值,6,1.2
醃漬香菇,食藥署台灣食品成分資料庫,100,46.7,3.0,10.6,0.1,加工調理食品及其他類；每100g；食藥署標示值,12,1.2
秀珍菇罐頭,食藥署台灣食品成分資料庫,100,18.9,1.7,4.7,0.5,加工調理食品及其他類；每100g；食藥署標示值,14,1.4
金針菇罐頭,食藥署台灣食品成分資料庫,100,19.4,1.7,4.5,0.2,加工調理食品及其他類；每100g；食藥署標示值,8,0.9
洋菇罐頭,食藥署台灣食品成分資料庫,100,24.6,2.9,4.3,0.3,加工調理食品及其他類；每100g；食藥署標示值,10,1
猴頭菇罐頭,食藥署台灣食品成分資料庫,100,27.3,1.0,6.5,0.1,加工調理食品及其他類；每100g；食藥署標示值,22,1.1
高纖胚芽冬粉,食藥署台灣食品成分資料庫,100,355.6,0.6,90.0,0.2,加工調理食品及其他類；每100g；食藥署標示值,10,0.5
冬粉,食藥署台灣食品成分資料庫,100,348.5,0.1,87.5,0.1,加工調理食品及其他類；每100g；食藥署標示值,2,1.9
寬粉,食藥署台灣食品成分資料庫,100,347.4,0.1,86.9,0.1,加工調理食品及其他類；每100g；食藥署標示值,26,1.4
佃煮黑豆,食藥署台灣食品成分資料庫,100,257.3,10.5,43.5,6.2,加工調理食品及其他類；每100g；食藥署標示值,44,15.7
豆干絲,食藥署台灣食品成分資料庫,100,165.0,18.3,4.8,8.6,加工調理食品及其他類；每100g；食藥署標示值,287,6.2
五香豆干,食藥署台灣食品成分資料庫,100,192.4,19.3,6.2,10.6,加工調理食品及其他類；每100g；食藥署標示值,273,5.5
小方豆干,食藥署台灣食品成分資料庫,100,154.5,17.4,3.5,8.6,加工調理食品及其他類；每100g；食藥署標示值,685,4.5
黑豆干,食藥署台灣食品成分資料庫,100,197.1,19.0,2.1,12.5,加工調理食品及其他類；每100g；食藥署標示值,335,4.1
豆腐皮,食藥署台灣食品成分資料庫,100,208.2,25.3,2.4,11.0,加工調理食品及其他類；每100g；食藥署標示值,62,4.7
日式炸豆皮,食藥署台灣食品成分資料庫,100,383.3,19.2,4.9,32.4,加工調理食品及其他類；每100g；食藥署標示值,292,2.5
豆豉,食藥署台灣食品成分資料庫,100,215.1,20.4,12.8,11.5,加工調理食品及其他類；每100g；食藥署標示值,146,10.5
豆棗,食藥署台灣食品成分資料庫,100,418.7,11.7,50.0,19.2,加工調理食品及其他類；每100g；食藥署標示值,273,3.1
百頁豆腐,食藥署台灣食品成分資料庫,100,195.4,13.4,6.3,13.1,加工調理食品及其他類；每100g；食藥署標示值,33,2.1
傳統豆腐,食藥署台灣食品成分資料庫,100,87.3,8.5,6.0,3.4,加工調理食品及其他類；每100g；食藥署標示值,140,2
傳統豆腐(2022年取樣),食藥署台灣食品成分資料庫,100,92.6,9.6,1.9,5.5,加工調理食品及其他類；每100g；食藥署標示值,160,1.6
冷凍豆腐,食藥署台灣食品成分資料庫,100,126.5,12.9,3.9,7.1,加工調理食品及其他類；每100g；食藥署標示值,240,2.5
小三角油豆腐,食藥署台灣食品成分資料庫,100,158.4,12.7,0.0,13.3,加工調理食品及其他類；每100g；食藥署標示值,216,2.5
嫩豆腐,食藥署台灣食品成分資料庫,100,51.5,4.9,1.6,3.0,加工調理食品及其他類；每100g；食藥署標示值,13,1.3
雞蛋豆腐,食藥署台灣食品成分資料庫,100,78.6,6.9,2.7,4.6,加工調理食品及其他類；每100g；食藥署標示值,9,1
麻油辣腐乳,食藥署台灣食品成分資料庫,100,105.7,9.0,4.8,5.8,加工調理食品及其他類；每100g；食藥署標示值,137,3.1
素肉,食藥署台灣食品成分資料庫,100,199.3,23.9,6.0,10.1,加工調理食品及其他類；每100g；食藥署標示值,120,4.3
冷凍素雞塊,食藥署台灣食品成分資料庫,100,203.3,14.2,19.0,8.1,加工調理食品及其他類；每100g；食藥署標示值,8,1.6
花生麵筋罐頭,食藥署台灣食品成分資料庫,100,203.6,11.0,15.5,11.1,加工調理食品及其他類；每100g；食藥署標示值,11,1.8
香菇麵筋罐頭,食藥署台灣食品成分資料庫,100,191.4,10.7,14.9,10.0,加工調理食品及其他類；每100g；食藥署標示值,9,1.7
花豆罐頭(糖漬),食藥署台灣食品成分資料庫,100,191.4,7.6,43.5,0.0,加工調理食品及其他類；每100g；食藥署標示值,62,2.2
紅豆罐頭(糖漬),食藥署台灣食品成分資料庫,100,221.6,8.0,49.5,0.3,加工調理食品及其他類；每100g；食藥署標示值,29,1.9
甘納豆,食藥署台灣食品成分資料庫,100,318.0,6.6,74.5,1.0,加工調理食品及其他類；每100g；食藥署標示值,29,1.5
豌豆仁罐頭,食藥署台灣食品成分資料庫,100,114.2,7.2,22.1,0.9,加工調理食品及其他類；每100g；食藥署標示值,39,2.9
鹽酥蠶豆,食藥署台灣食品成分資料庫,100,434.5,26.9,46.3,20.9,加工調理食品及其他類；每100g；食藥署標示值,38,3.3
豆漿,食藥署台灣食品成分資料庫,100,55.9,3.2,9.0,1.3,加工調理食品及其他類；每100g；食藥署標示值,12,0.4
雞蛋豆漿,食藥署台灣食品成分資料庫,100,55.2,1.9,9.2,1.3,加工調理食品及其他類；每100g；食藥署標示值,5,0.4
鹹豆漿,食藥署台灣食品成分資料庫,100,36.8,3.5,1.7,1.8,加工調理食品及其他類；每100g；食藥署標示值,20,0.6
豆漿優酪乳,食藥署台灣食品成分資料庫,100,68.3,2.0,12.9,1.2,加工調理食品及其他類；每100g；食藥署標示值,13,0
DHA豆奶,食藥署台灣食品成分資料庫,100,43.3,1.7,8.0,0.5,加工調理食品及其他類；每100g；食藥署標示值,24,0.2
豆漿粉,食藥署台灣食品成分資料庫,100,408.5,37.4,32.5,17.1,加工調理食品及其他類；每100g；食藥署標示值,77,6.9
叉燒肉,食藥署台灣食品成分資料庫,100,252.6,17.2,16.5,13.1,加工調理食品及其他類；每100g；食藥署標示值,17,0.7
切片火腿(牛肉),食藥署台灣食品成分資料庫,100,121.0,15.9,9.4,2.2,加工調理食品及其他類；每100g；食藥署標示值,18,1.8
切片火腿(豬肉),食藥署台灣食品成分資料庫,100,146.6,16.5,9.0,4.9,加工調理食品及其他類；每100g；食藥署標示值,36,1.3
切片火腿(雞肉),食藥署台灣食品成分資料庫,100,148.4,15.3,10.0,5.3,加工調理食品及其他類；每100g；食藥署標示值,22,1.1
"條狀火腿(牛肉,黑胡椒)",食藥署台灣食品成分資料庫,100,112.9,18.9,4.1,2.3,加工調理食品及其他類；每100g；食藥署標示值,5,2.5
條狀火腿(豬肉),食藥署台灣食品成分資料庫,100,145.5,16.2,11.5,3.8,加工調理食品及其他類；每100g；食藥署標示值,8,1.3
醬肘子,食藥署台灣食品成分資料庫,100,134.0,19.0,0.0,6.6,加工調理食品及其他類；每100g；食藥署標示值,5,1.1
培根,食藥署台灣食品成分資料庫,100,372.5,13.5,0.0,35.6,加工調理食品及其他類；每100g；食藥署標示值,3,0.5
臘肉(五花肉),食藥署台灣食品成分資料庫,100,524.6,18.4,2.4,49.0,加工調理食品及其他類；每100g；食藥署標示值,5,0.9
臘肉(腿肉),食藥署台灣食品成分資料庫,100,376.9,26.7,6.4,27.2,加工調理食品及其他類；每100g；食藥署標示值,11,1.4
滷牛筋,食藥署台灣食品成分資料庫,100,119.4,21.1,2.6,2.8,加工調理食品及其他類；每100g；食藥署標示值,11,0.1
滷豬腳,食藥署台灣食品成分資料庫,100,237.4,28.4,0.0,15.4,加工調理食品及其他類；每100g；食藥署標示值,40,1.3
醃燻豬肝,食藥署台灣食品成分資料庫,100,166.5,26.8,4.2,4.7,加工調理食品及其他類；每100g；食藥署標示值,1,11.5
膽肝,食藥署台灣食品成分資料庫,100,251.5,31.2,13.9,7.9,加工調理食品及其他類；每100g；食藥署標示值,16,19.9
片狀肉乾(牛肉),食藥署台灣食品成分資料庫,100,335.2,30.3,41.8,5.2,加工調理食品及其他類；每100g；食藥署標示值,12,3.6
"片狀肉乾(牛肉,辣味)",食藥署台灣食品成分資料庫,100,334.9,38.0,29.9,7.0,加工調理食品及其他類；每100g；食藥署標示值,5,5.7
片狀肉乾(豬肉),食藥署台灣食品成分資料庫,100,329.2,30.0,41.0,5.0,加工調理食品及其他類；每100g；食藥署標示值,8,1.8
條狀肉乾(豬肉),食藥署台灣食品成分資料庫,100,344.6,43.2,25.1,7.9,加工調理食品及其他類；每100g；食藥署標示值,8,2.5
牛肉香腸,食藥署台灣食品成分資料庫,100,298.1,20.7,7.8,20.4,加工調理食品及其他類；每100g；食藥署標示值,11,1.8
香腸,食藥署台灣食品成分資料庫,100,354.2,17.0,12.3,26.3,加工調理食品及其他類；每100g；食藥署標示值,2,1.6
香腸(蒜味),食藥署台灣食品成分資料庫,100,387.3,16.6,17.7,27.8,加工調理食品及其他類；每100g；食藥署標示值,6,1.2
蒟蒻香腸(蒜味),食藥署台灣食品成分資料庫,100,288.7,19.4,19.3,14.9,加工調理食品及其他類；每100g；食藥署標示值,5,1.2
小巧香腸,食藥署台灣食品成分資料庫,100,362.1,15.1,11.9,28.2,加工調理食品及其他類；每100g；食藥署標示值,2,1.2
雞肉香腸(大),食藥署台灣食品成分資料庫,100,283.2,22.4,11.8,16.3,加工調理食品及其他類；每100g；食藥署標示值,16,1.3
雞肉香腸(小),食藥署台灣食品成分資料庫,100,458.6,13.9,15.9,37.7,加工調理食品及其他類；每100g；食藥署標示值,8,1.8
熱狗,食藥署台灣食品成分資料庫,100,257.3,13.3,10.2,18.1,加工調理食品及其他類；每100g；食藥署標示值,14,1.6
德國香腸,食藥署台灣食品成分資料庫,100,271.9,15.9,4.6,21.4,加工調理食品及其他類；每100g；食藥署標示值,18,0.9
冷凍小香腸,食藥署台灣食品成分資料庫,100,248.0,14.8,7.4,17.8,加工調理食品及其他類；每100g；食藥署標示值,2,1.4
冷凍珍珠丸,食藥署台灣食品成分資料庫,100,223.5,9.5,20.9,11.5,加工調理食品及其他類；每100g；食藥署標示值,7,0.5
冷凍貢丸,食藥署台灣食品成分資料庫,100,244.1,16.6,0.0,20.3,加工調理食品及其他類；每100g；食藥署標示值,6,0.7
冷凍雞肉丸,食藥署台灣食品成分資料庫,100,201.9,10.5,12.3,12.3,加工調理食品及其他類；每100g；食藥署標示值,10,0.9
冷凍牛肉漢堡肉,食藥署台灣食品成分資料庫,100,246.4,14.4,6.3,18.5,加工調理食品及其他類；每100g；食藥署標示值,14,2
冷凍雞塊,食藥署台灣食品成分資料庫,100,227.7,15.3,12.6,12.9,加工調理食品及其他類；每100g；食藥署標示值,7,0.6
豬肉脯,食藥署台灣食品成分資料庫,100,440.7,33.4,20.3,25.1,加工調理食品及其他類；每100g；食藥署標示值,15,2.3
豬肉酥,食藥署台灣食品成分資料庫,100,513.0,33.0,31.6,28.3,加工調理食品及其他類；每100g；食藥署標示值,90,3.6
雞肉酥,食藥署台灣食品成分資料庫,100,441.6,26.7,53.2,14.6,加工調理食品及其他類；每100g；食藥署標示值,16,4.8
肉羹,食藥署台灣食品成分資料庫,100,245.0,9.7,18.9,14.7,加工調理食品及其他類；每100g；食藥署標示值,211,1.1
冷凍咕咾肉,食藥署台灣食品成分資料庫,100,181.3,6.4,18.3,9.5,加工調理食品及其他類；每100g；食藥署標示值,16,0.4
豬腳凍,食藥署台灣食品成分資料庫,100,144.6,16.6,2.0,7.8,加工調理食品及其他類；每100g；食藥署標示值,11,1.2
冷凍花枝丸,食藥署台灣食品成分資料庫,100,162.0,12.7,13.0,7.0,加工調理食品及其他類；每100g；食藥署標示值,11,0.2
冷凍虱目魚丸,食藥署台灣食品成分資料庫,100,202.7,13.7,11.0,11.9,加工調理食品及其他類；每100g；食藥署標示值,132,1
冷凍文蛤丸,食藥署台灣食品成分資料庫,100,210.6,16.2,15.8,9.2,加工調理食品及其他類；每100g；食藥署標示值,21,8.4
冷凍旗魚丸,食藥署台灣食品成分資料庫,100,158.0,12.8,12.0,6.7,加工調理食品及其他類；每100g；食藥署標示值,490,0.7
冷凍鱈魚丸,食藥署台灣食品成分資料庫,100,98.9,8.5,10.7,2.4,加工調理食品及其他類；每100g；食藥署標示值,19,0.2
冷凍蝦丸,食藥署台灣食品成分資料庫,100,122.7,10.8,14.7,2.3,加工調理食品及其他類；每100g；食藥署標示值,406,1.2
冷凍花枝排,食藥署台灣食品成分資料庫,100,184.5,5.5,24.9,7.3,加工調理食品及其他類；每100g；食藥署標示值,20,0.8
冷凍鮪排,食藥署台灣食品成分資料庫,100,143.3,13.4,20.4,0.9,加工調理食品及其他類；每100g；食藥署標示值,41,0.5
冷凍蝦餅,食藥署台灣食品成分資料庫,100,123.3,9.6,17.3,2.1,加工調理食品及其他類；每100g；食藥署標示值,48,0.8
冷凍干貝酥,食藥署台灣食品成分資料庫,100,144.1,8.3,27.7,0.2,加工調理食品及其他類；每100g；食藥署標示值,190,1.3
冷凍花枝塊,食藥署台灣食品成分資料庫,100,178.7,11.2,17.0,7.5,加工調理食品及其他類；每100g；食藥署標示值,5,0.4
冷凍旗魚塊,食藥署台灣食品成分資料庫,100,178.0,15.3,14.7,6.5,加工調理食品及其他類；每100g；食藥署標示值,4,0.4
冷凍蚵捲,食藥署台灣食品成分資料庫,100,208.9,6.9,7.0,17.5,加工調理食品及其他類；每100g；食藥署標示值,23,4.9
冷凍魚捲,食藥署台灣食品成分資料庫,100,124.9,13.8,17.1,0.3,加工調理食品及其他類；每100g；食藥署標示值,16,0.5
冷凍蝦捲,食藥署台灣食品成分資料庫,100,153.0,10.3,16.0,5.7,加工調理食品及其他類；每100g；食藥署標示值,116,0.9
冷凍魷魚圈,食藥署台灣食品成分資料庫,100,143.2,15.7,19.2,0.4,加工調理食品及其他類；每100g；食藥署標示值,30,0.5
冷凍花枝餃,食藥署台灣食品成分資料庫,100,177.0,12.4,19.2,5.6,加工調理食品及其他類；每100g；食藥署標示值,5,0.3
冷凍香菇餃,食藥署台灣食品成分資料庫,100,230.6,12.3,11.5,15.3,加工調理食品及其他類；每100g；食藥署標示值,4,0.9
冷凍蛋餃,食藥署台灣食品成分資料庫,100,182.1,12.1,2.1,14.1,加工調理食品及其他類；每100g；食藥署標示值,11,1.8
冷凍雪螺餃,食藥署台灣食品成分資料庫,100,201.5,11.6,16.7,10.0,加工調理食品及其他類；每100g；食藥署標示值,50,0.9
冷凍魚餃,食藥署台灣食品成分資料庫,100,277.5,12.5,12.9,19.5,加工調理食品及其他類；每100g；食藥署標示值,40,0.5
冷凍蝦餃,食藥署台灣食品成分資料庫,100,273.3,11.4,13.5,19.3,加工調理食品及其他類；每100g；食藥署標示值,52,0.4
冷凍燕餃,食藥署台灣食品成分資料庫,100,321.5,12.8,14.5,23.6,加工調理食品及其他類；每100g；食藥署標示值,5,1
冷凍蟹味棒,食藥署台灣食品成分資料庫,100,117.8,9.3,18.6,0.7,加工調理食品及其他類；每100g；食藥署標示值,90,0.5
冷凍魚卵卷,食藥署台灣食品成分資料庫,100,115.3,12.9,15.5,0.2,加工調理食品及其他類；每100g；食藥署標示值,13,0.3
魚板,食藥署台灣食品成分資料庫,100,125.3,10.0,17.6,2.0,加工調理食品及其他類；每100g；食藥署標示值,45,0
天婦羅,食藥署台灣食品成分資料庫,100,175.5,12.4,21.0,4.7,加工調理食品及其他類；每100g；食藥署標示值,17,0.7
冷凍花枝漿,食藥署台灣食品成分資料庫,100,222.9,11.2,17.1,12.6,加工調理食品及其他類；每100g；食藥署標示值,134,0.3
冷凍花枝羹,食藥署台灣食品成分資料庫,100,125.5,11.4,9.4,4.7,加工調理食品及其他類；每100g；食藥署標示值,610,0.5
魚肉脯,食藥署台灣食品成分資料庫,100,103.7,21.9,0.2,1.7,加工調理食品及其他類；每100g；食藥署標示值,966,3.5
鯖魚肉脯,食藥署台灣食品成分資料庫,100,684.6,33.8,1.5,60.4,加工調理食品及其他類；每100g；食藥署標示值,8,4.2
魚肉鬆,食藥署台灣食品成分資料庫,100,469.8,28.2,43.8,20.2,加工調理食品及其他類；每100g；食藥署標示值,133,4
旗魚鬆,食藥署台灣食品成分資料庫,100,480.9,31.3,37.4,22.9,加工調理食品及其他類；每100g；食藥署標示值,454,4.2
鮭魚鬆,食藥署台灣食品成分資料庫,100,451.8,29.0,35.3,21.6,加工調理食品及其他類；每100g；食藥署標示值,257,3
香筍鮪魚罐頭,食藥署台灣食品成分資料庫,100,257.7,10.0,0.9,24.1,加工調理食品及其他類；每100g；食藥署標示值,13,1.2
茄汁鯖魚罐頭,食藥署台灣食品成分資料庫,100,114.8,17.6,2.8,3.8,加工調理食品及其他類；每100g；食藥署標示值,246,2
蒜味甘扁桃仁,食藥署台灣食品成分資料庫,100,629.5,23.3,18.0,53.6,加工調理食品及其他類；每100g；食藥署標示值,287,3.7
杏仁霜,食藥署台灣食品成分資料庫,100,544.8,9.7,47.1,36.4,加工調理食品及其他類；每100g；食藥署標示值,109,1.2
蜜汁松子仁,食藥署台灣食品成分資料庫,100,689.0,14.9,19.0,62.4,加工調理食品及其他類；每100g；食藥署標示值,15,5.6
鹽酥夏威夷豆,食藥署台灣食品成分資料庫,100,761.8,9.4,12.0,76.3,加工調理食品及其他類；每100g；食藥署標示值,53,2.7
甜核桃,食藥署台灣食品成分資料庫,100,711.1,14.4,14.7,67.4,加工調理食品及其他類；每100g；食藥署標示值,96,3.1
糖炒栗子,食藥署台灣食品成分資料庫,100,197.7,4.2,46.3,0.8,加工調理食品及其他類；每100g；食藥署標示值,30,1.1
蜜汁腰果,食藥署台灣食品成分資料庫,100,595.7,17.6,34.3,43.6,加工調理食品及其他類；每100g；食藥署標示值,46,5.7
玉桂西瓜子,食藥署台灣食品成分資料庫,100,496.2,31.1,23.8,34.4,加工調理食品及其他類；每100g；食藥署標示值,47,8
醬油西瓜子,食藥署台灣食品成分資料庫,100,525.2,29.5,22.5,37.7,加工調理食品及其他類；每100g；食藥署標示值,87,7.5
鹽酥帶殼花生(熟),食藥署台灣食品成分資料庫,100,550.1,28.2,28.1,38.1,加工調理食品及其他類；每100g；食藥署標示值,78,2.7
醃漬花生仁,食藥署台灣食品成分資料庫,100,288.0,10.6,2.9,26.0,加工調理食品及其他類；每100g；食藥署標示值,,
糖漬花生仁,食藥署台灣食品成分資料庫,100,373.4,14.2,28.8,23.3,加工調理食品及其他類；每100g；食藥署標示值,43,1.3
油炸花生仁,食藥署台灣食品成分資料庫,100,609.4,28.9,18.0,48.4,加工調理食品及其他類；每100g；食藥署標示值,73,1.6
蛋酥花生仁,食藥署台灣食品成分資料庫,100,591.7,21.1,31.8,43.8,加工調理食品及其他類；每100g；食藥署標示值,56,0.5
鹽酥花生仁,食藥署台灣食品成分資料庫,100,536.7,28.8,29.6,35.9,加工調理食品及其他類；每100g；食藥署標示值,76,5.7
調味南瓜子(去殼),食藥署台灣食品成分資料庫,100,590.2,30.4,13.5,47.9,加工調理食品及其他類；每100g；食藥署標示值,53,8.5
調味南瓜子(帶殼),食藥署台灣食品成分資料庫,100,594.3,25.9,19.5,47.2,加工調理食品及其他類；每100g；食藥署標示值,49,10.5
甘草葵瓜子(帶殼),食藥署台灣食品成分資料庫,100,524.1,26.8,25.8,39.3,加工調理食品及其他類；每100g；食藥署標示值,45,8.6
鹽酥葵瓜子(帶殼),食藥署台灣食品成分資料庫,100,602.3,25.9,17.8,49.3,加工調理食品及其他類；每100g；食藥署標示值,140,7.4
糖漬蓮子,食藥署台灣食品成分資料庫,100,223.3,5.7,51.4,0.1,加工調理食品及其他類；每100g；食藥署標示值,54,1.1
烤雞,食藥署台灣食品成分資料庫,100,232.9,22.8,3.6,14.2,加工調理食品及其他類；每100g；食藥署標示值,5,1.1
冷凍烤雞翅,食藥署台灣食品成分資料庫,100,217.4,18.8,3.6,14.2,加工調理食品及其他類；每100g；食藥署標示值,14,0.8
鴨賞,食藥署台灣食品成分資料庫,100,304.0,31.1,5.3,17.6,加工調理食品及其他類；每100g；食藥署標示值,26,4.2
茶鵝,食藥署台灣食品成分資料庫,100,351.9,15.6,0.0,32.5,加工調理食品及其他類；每100g；食藥署標示值,8,2.4
熟鵝腿肉,食藥署台灣食品成分資料庫,100,284.8,18.5,0.0,23.6,加工調理食品及其他類；每100g；食藥署標示值,5,14
鯊魚煙,食藥署台灣食品成分資料庫,100,68.0,22.3,0.0,0.4,加工調理食品及其他類；每100g；食藥署標示值,10,0
日本鰻鱺魚片(蒲燒),食藥署台灣食品成分資料庫,100,272.2,25.0,0.9,18.7,加工調理食品及其他類；每100g；食藥署標示值,233,1.1
鹽漬小鱗脂眼鯡(鹹馧仔),食藥署台灣食品成分資料庫,100,223.8,17.4,0.3,17.0,加工調理食品及其他類；每100g；食藥署標示值,19,1.1
鯖魚(醃製),食藥署台灣食品成分資料庫,100,280.8,14.9,1.3,24.0,加工調理食品及其他類；每100g；食藥署標示值,32,1.4
鯖魚(醃製)(2022年取樣),食藥署台灣食品成分資料庫,100,296.5,17.0,9.8,21.0,加工調理食品及其他類；每100g；食藥署標示值,22,0.9
毛鱗魚(柳葉魚)(裹粉未炸),食藥署台灣食品成分資料庫,100,170.1,12.9,19.0,4.9,加工調理食品及其他類；每100g；食藥署標示值,122,0.6
油魚卵(加工),食藥署台灣食品成分資料庫,100,416.3,46.6,0.0,27.3,加工調理食品及其他類；每100g；食藥署標示值,10,1.5
圓鱈魚卵(加工),食藥署台灣食品成分資料庫,100,84.4,11.2,0.0,4.4,加工調理食品及其他類；每100g；食藥署標示值,6,0.4
鯔魚卵(加工),食藥署台灣食品成分資料庫,100,297.3,36.6,18.7,8.5,加工調理食品及其他類；每100g；食藥署標示值,6,2.4
鯔魚卵(加工)(2022年取樣),食藥署台灣食品成分資料庫,100,431.2,38.9,4.4,28.7,加工調理食品及其他類；每100g；食藥署標示值,9,2.3
醃漬鮭魚卵,食藥署台灣食品成分資料庫,100,218.2,24.9,6.7,10.2,加工調理食品及其他類；每100g；食藥署標示值,47,1.9
香魚片,食藥署台灣食品成分資料庫,100,307.1,36.1,39.1,0.7,加工調理食品及其他類；每100g；食藥署標示值,55,1.5
龍蝦卵(調味),食藥署台灣食品成分資料庫,100,63.9,6.7,5.2,1.8,加工調理食品及其他類；每100g；食藥署標示值,13,0.2
蠑螺(加工),食藥署台灣食品成分資料庫,100,105.0,14.8,11.0,0.2,加工調理食品及其他類；每100g；食藥署標示值,64,5.4
鹹小卷,食藥署台灣食品成分資料庫,100,99.7,20.1,1.9,1.3,加工調理食品及其他類；每100g；食藥署標示值,120,0.7
沖泡濃湯(海鮮),食藥署台灣食品成分資料庫,100,345.3,11.2,62.0,6.9,加工調理食品及其他類；每100g；食藥署標示值,77,1.8
玉米濃湯調理包,食藥署台灣食品成分資料庫,100,363.8,4.4,74.7,5.9,加工調理食品及其他類；每100g；食藥署標示值,42,2.6
麥片沖泡包(三合一),食藥署台灣食品成分資料庫,100,404.5,11.0,74.3,7.5,加工調理食品及其他類；每100g；食藥署標示值,468,11.1
三合一麥片(野菜蘑菇),食藥署台灣食品成分資料庫,100,388.1,6.8,72.7,9.0,加工調理食品及其他類；每100g；食藥署標示值,1688,1.8
糙米麩,食藥署台灣食品成分資料庫,100,381.2,7.8,81.4,3.3,加工調理食品及其他類；每100g；食藥署標示值,17,1.9
麵茶粉,食藥署台灣食品成分資料庫,100,417.6,7.2,82.9,7.0,加工調理食品及其他類；每100g；食藥署標示值,16,0.8
植物燕麥奶粉(營養強化),食藥署台灣食品成分資料庫,100,430.4,11.9,67.5,13.2,加工調理食品及其他類；每100g；食藥署標示值,1142,5.3
杏仁茶沖泡包,食藥署台灣食品成分資料庫,100,397.9,3.5,84.7,5.2,加工調理食品及其他類；每100g；食藥署標示值,83,0.8
芝麻糊沖泡包,食藥署台灣食品成分資料庫,100,450.0,9.3,70.7,15.4,加工調理食品及其他類；每100g；食藥署標示值,509,8.7
綜合堅果穀物沖泡包,食藥署台灣食品成分資料庫,100,436.3,13.3,65.4,15.4,加工調理食品及其他類；每100g；食藥署標示值,351,7.5
寒天脆藻,食藥署台灣食品成分資料庫,100,8.3,0.0,2.5,0.0,加工調理食品及其他類；每100g；食藥署標示值,35,0.2
生啤酒,食藥署台灣食品成分資料庫,100,49.5,0.4,8.2,0.0,加工調理食品及其他類；每100g；食藥署標示值,1,0
陳年紹興酒,食藥署台灣食品成分資料庫,100,133.1,1.8,19.1,0.0,加工調理食品及其他類；每100g；食藥署標示值,1,0.2
白葡萄酒,食藥署台灣食品成分資料庫,100,90.3,0.1,14.2,0.0,加工調理食品及其他類；每100g；食藥署標示值,6,0.6
紅葡萄酒,食藥署台灣食品成分資料庫,100,92.6,0.1,14.8,0.0,加工調理食品及其他類；每100g；食藥署標示值,6,0.5
雞精,食藥署台灣食品成分資料庫,100,34.1,8.6,0.0,0.0,加工調理食品及其他類；每100g；食藥署標示值,2,0.1
PUDDING TIME雞蛋布丁,Hi-Life,100,146,4,15,9,雞蛋布丁；每杯100g；標示值,,
ALPRON PRO肌酸,ALPRON,3,11,2.6,0,0,クレアチンモノハイドレート；每3g；標示值,,
統一有機燕麥片,統一生機,50,184,6.5,34,3.4,有機大燕麥片；每50g；標示值,,
有機奇亞籽,統一生機,20,84.9,4,8.2,5.8,有機奇亞籽；每20g；標示值,,
林鳳營鮮奶優格,林鳳營,100,62,3.2,3.8,3.8,鮮奶優格；每100g；標示值,,
Hi-Life鮮奶油布蕾,Hi-Life,150,175,3.3,24.9,6.9,Crème Brûlée；150g整杯；標示值,,
統一陽光無加糖高纖豆漿,統一,400,167.4,15.0,14.0,7.6,每盒400ml；無加糖；菊苣纖維8.5g；標示值,,
福樂頂級希臘式優酪,福樂Foremost,135,116,7.3,8.8,5.7,每杯135g；糖8.6g；鈣182mg；希臘式；標示值,,
FamilyMart美式雞丁餐盒,全家FamilyMart,380,486,26.6,63.1,14.1,健康志向系列；運動營養師楊承樺監製；標示值,,
福樂超能蛋白營養牛乳,福樂,375,207,21.4,27.8,1.1,鮮莓口味，375mL,,
屏榮雞肉青醬即食包,屏榮食品,134,221,10.7,26.3,8.2,134g/包，含糖9.4g,,
青檸烤雞握沙拉,全家,134,221,10.7,26.3,8.2,134g/包，含糖9.4g,,
兩種芒果切盤,全家FamilyMart,160,83.5,1.0,19.2,0.3,愛文＋金煌，截切，糖7g/份,,
燻香和早古雞腿排,全家FamilyMart/Kingrich,120,135.9,28.1,4.3,0.7,冷藏即食，燻烤雞腿排,,
經典火腿玉米蛋三明治,全家FamilyMart,69,168,8.6,13.5,8.8,洪瑞珍；每包1份69g,,
Subway 嫩切雞肉,Subway,207.0,300.0,20.0,41.0,6.3,6吋潛艇堡；Sliced Chicken；官網標示值,,
Subway 照燒雞肉,Subway,257.0,362.0,27.0,46.0,7.3,6吋潛艇堡；Chicken Teriyaki；官網標示值,,
Subway 鮮嫩雞柳,Subway,229.0,324.0,25.0,39.0,7.1,6吋潛艇堡；Chicken Strips；官網標示值,,
Subway 香烤雞肉,Subway,232.0,331.0,23.0,41.0,8.0,6吋潛艇堡；Roasted Chicken Breast；官網標示值,,
Subway 火腿,Subway,221.0,317.0,19.0,44.0,7.3,6吋潛艇堡；Ham；官網標示值,,
Subway 義大利牛肉丸,Subway,255.0,383.0,20.0,47.0,11.7,6吋潛艇堡；Italian Meatballs；官網標示值,,
Subway 燒烤牛肉,Subway,224.0,346.0,21.0,40.0,7.1,6吋潛艇堡；Roast Beef；官網標示值,,
Subway 墨西哥辣牛,Subway,211.0,320.0,17.0,42.0,8.9,6吋潛艇堡；Taco Beef；官網標示值,,
Subway 義大利經典,Subway,229.0,409.0,22.0,42.0,16.7,6吋潛艇堡；Italian B.M.TTM；官網標示值,,
Subway 百味俱樂部,Subway,226.0,325.0,21.0,41.0,7.1,6吋潛艇堡；Subway ClubTM；官網標示值,,
Subway 哈燒起司總匯,Subway,211.0,321.0,18.0,42.0,8.6,6吋潛艇堡；Subway MeltTM；官網標示值,,
Subway 鮪魚,Subway,239.0,507.0,22.0,39.0,29.1,6吋潛艇堡；Tuna；官網標示值,,
Subway 蛋沙拉,Subway,225.0,421.0,17.0,41.0,20.7,6吋潛艇堡；Egg Mayo；官網標示值,,
Subway 素食蔬菜,Subway,165.0,250.0,10.0,39.0,5.7,6吋潛艇堡；Veggie DelightTM；官網標示值,,
Subway 厚切嫩牛,Subway,236.0,366.0,26.0,40.0,10.6,6吋潛艇堡；Diced Beef；官網標示值,,
Subway 鷹嘴豆泥餅,Subway,240.0,425.0,16.0,58.0,13.2,6吋潛艇堡；Falafel；官網標示值,,
Subway 辣豆瓣嫩牛,Subway,270.0,460.0,29.0,49.0,15.2,6吋潛艇堡；Mala Beef；官網標示值,,
Subway 雙重起司厚牛,Subway,205.0,347.0,25.0,39.0,10.1,6吋潛艇堡；Double Cheese Steack；官網標示值,,
Subway 墨西哥手撕豬,Subway,205.0,321.0,16.0,39.0,10.0,6吋潛艇堡；Mexican Pulled Pork；官網標示值,,
Subway 起司蛋,Subway,125.0,276.0,15.0,37.0,7.6,早餐；Egg & Cheese；官網標示值,,
Subway 火腿起司蛋,Subway,153.0,309.0,19.0,39.0,8.4,早餐；Ham & Egg；官網標示值,,
Subway 厚切牛起司蛋,Subway,160.0,341.0,20.0,39.0,10.8,"早餐；Steak, Egg & Cheese；官網標示值",,
Subway 培根起司蛋,Subway,135.0,324.0,18.0,37.0,11.2,早餐；Bacon & Egg；官網標示值,,
Subway 嫩切雞肉 (3片),Subway,42.0,50.0,10.0,1.0,0.6,加量蛋白質；Chicken Sliced (3 slices)；官網標示值,,
Subway 嫩切雞肉 (1片),Subway,14.0,17.0,3.0,0.0,0.2,加量蛋白質；Chicken Sliced (1 slices)；官網標示值,,
Subway 火腿 (4片),Subway,56.0,67.0,8.0,4.0,1.7,加量蛋白質；Ham (4 slices)；官網標示值,,
Subway 火腿 (1片),Subway,14.0,17.0,2.0,1.0,0.4,加量蛋白質；Ham (1 slice)；官網標示值,,
Subway 培根 (1條),Subway,5.0,24.0,2.0,0.0,1.8,加量蛋白質；Bacon (1 strip)；官網標示值,,
Subway 燒烤牛肉 (3片/59g),Subway,59.0,96.0,11.0,1.0,1.4,加量蛋白質；Roast Beef (3 slices or 59g)；官網標示值,,
Subway 燒烤牛肉 (1片/19.5g),Subway,20.0,32.0,4.0,0.0,0.5,加量蛋白質；Roast Beef (1 slices or 19.5g)；官網標示值,,
Subway 義式煙燻臘腸 (1片),Subway,6.0,24.0,1.0,0.0,2.0,加量蛋白質；Salami (1 slice)；官網標示值,,
Subway 義式辣香腸 (1片),Subway,6.0,18.0,1.0,0.0,1.4,加量蛋白質；Pepperoni (1 slice)；官網標示值,,
Subway 蛋沙拉 (2球),Subway,60.0,171.0,6.5,2.3,15.1,加量蛋白質；Egg Mayo (2 scoops)；官網標示值,,
Subway 蛋沙拉 (1球),Subway,30.0,86.0,3.3,1.2,7.5,加量蛋白質；Egg Mayo (1 scoop)；官網標示值,,
Subway 嫩煎蛋 (1片),Subway,45.0,41.0,5.0,1.0,2.1,加量蛋白質；Egg Patty；官網標示值,,
Subway 酪梨泥 (1球),Subway,35.0,75.0,1.0,2.0,7.0,加量蛋白質；Avocado；官網標示值,,
Subway 英式切片起司 (2片),Subway,11.3,39.0,2.3,0.5,3.1,加量蛋白質；Old English Cheese (2 slices)；官網標示值,,
Subway 英式切片起司 (1片),Subway,6.0,20.0,1.0,0.0,1.7,加量蛋白質；Old English Cheese (1 slice)；官網標示值,,
Subway 切絲巧達起司,Subway,14.0,55.0,3.3,0.2,4.6,加量蛋白質；Shredded Cheddar Cheese；官網標示值,,
Subway 鷹嘴豆泥餅 (3顆),Subway,75.0,175.0,6.0,19.0,7.6,加量蛋白質；Falafel (3 pieces)；官網標示值,,
Subway 鷹嘴豆泥餅 (1顆),Subway,25.0,58.0,2.0,6.0,2.5,加量蛋白質；Falafel (1 piece)；官網標示值,,
Subway 白麵包,Subway,67.0,195.0,7.0,35.0,2.5,麵包；White；官網標示值,,
Subway 小麥麵包,Subway,69.0,195.0,8.0,35.0,2.1,麵包；Wheat；官網標示值,,
Subway 蜂蜜燕麥麵包,Subway,73.0,210.0,8.0,38.0,2.3,麵包；Honey Oat；官網標示值,,
Subway 巴馬乾酪麵包,Subway,70.0,206.0,8.0,37.0,2.7,麵包；Parmesan Oregano；官網標示值,,
Subway 火焰烤餅,Subway,86.5,258.0,9.3,44.0,4.8,麵包；Flatbread；官網標示值,,
Subway 菠菜捲餅,Subway,65.0,196.0,5.0,32.0,5.4,麵包；Spinach Wrap；官網標示值,,
Subway 墨西哥西南醬,Subway,14.0,66.0,0.0,1.0,6.7,醬料；Chipotle Southwest；官網標示值,,
Subway 黃芥末,Subway,14.0,9.0,1.0,1.0,0.6,醬料；Yellow Mustard；官網標示值,,
Subway 獨家秘方義大利番茄醬,Subway,14.0,10.0,0.0,2.0,0.2,醬料；Marinara；官網標示值,,
Subway 甜蔥醬,Subway,18.0,33.0,0.0,8.0,0.1,醬料；Sweet Onion；官網標示值,,
Subway 蜂蜜芥末醬,Subway,14.0,21.0,0.0,5.0,0.1,醬料；Honey Mustard；官網標示值,,
Subway 美乃滋,Subway,14.0,100.0,0.0,0.0,11.0,醬料；Mayonnaise；官網標示值,,
Subway 橄欖油,Subway,5.0,44.0,0.0,0.0,4.9,醬料；Olive Oil；官網標示值,,
Subway 紅酒醋,Subway,4.0,0.3,0.0,0.1,0.0,醬料；Red Wine Vinegar；官網標示值,,
Subway 義大利油醋醬,Subway,14.0,14.8,0.0,3.6,0.0,醬料；Italian Dressing；官網標示值,,
Subway 千島醬,Subway,14.0,36.7,0.2,3.0,2.7,醬料；Thousand Island；官網標示值,,
Subway 鄉村醬,Subway,21.3,74.0,0.1,3.7,6.5,醬料；Ranch；官網標示值,,
Subway 墨西哥辣椒起司醬,Subway,14.0,37.0,0.0,2.0,3.1,醬料；Jalapeno Cheese Sauce；官網標示值,,
Subway 生菜,Subway,21.0,3.0,0.0,0.4,0.0,蔬菜；Lettuce；官網標示值,,
Subway 番茄,Subway,35.0,6.0,0.0,1.0,0.1,蔬菜；Tomato；官網標示值,,
Subway 大黃瓜,Subway,14.0,2.0,0.0,1.0,0.0,蔬菜；Cucumber；官網標示值,,
Subway 洋蔥,Subway,7.0,3.0,0.0,1.0,0.0,蔬菜；Onion；官網標示值,,
Subway 青椒,Subway,7.0,1.0,0.0,0.3,0.0,蔬菜；Green Pepper；官網標示值,,
Subway 醃黃瓜,Subway,9.0,1.0,0.0,0.2,0.0,醃漬物；Pickle (3 slices)；官網標示值,,
Subway 黑橄欖,Subway,3.0,4.0,0.0,0.2,0.3,醃漬物；Olive (3 slices)；官網標示值,,
Subway 醃辣椒,Subway,4.0,2.0,0.0,0.2,0.0,醃漬物；Jalapeno (3 slices)；官網標示值,,
Subway 嫩雞沙拉捲餅,Subway,191.0,398.0,26.0,34.0,17.8,附餐；Chicken Strip Wrap；官網標示值,,
Subway 辣牛沙拉捲餅,Subway,173.0,394.0,18.0,37.0,19.7,附餐；Taco Beef Wrap；官網標示值,,
Subway 鷹嘴豆泥捲餅,Subway,162.0,398.0,12.0,35.0,23.8,附餐；Falafel Wrap；官網標示值,,
Subway 美式B.L.T.捲餅,Subway,191.0,534.0,15.0,46.0,31.4,附餐；B.L.T. Wrap；官網標示值,,
Subway 薯餅,Subway,53.0,115.0,1.4,12.0,6.7,附餐；Hash Brown；官網標示值,,
Subway 迷你沙拉,Subway,87.0,13.0,1.0,2.8,0.1,附餐；Veggie DelightTM(mini)；官網標示值,,
Subway 蘑菇濃湯,Subway,280.0,152.0,3.2,12.3,9.8,附餐；Mushroom Soup；官網標示值,,
Subway 白巧克力夏威夷豆,Subway,45.0,217.0,2.0,28.0,10.8,餅乾；White Chocolate Macadamia Nut Cookies；官網標示值,,
Subway 巧克力豆,Subway,45.0,220.0,2.0,30.0,10.4,餅乾；Chocolate Chip Cookie；官網標示值,,
Subway 濃巧克力,Subway,45.0,200.0,2.0,28.0,8.9,餅乾；Double Chocolate Chip Cookie；官網標示值,,
Subway 葡萄燕麥,Subway,45.0,187.0,2.0,28.0,7.6,餅乾；Oatmeal Raisin Cookie；官網標示值,,
Subway 奶油巧克力,Subway,45.0,165.0,1.6,20.2,8.7,餅乾；Cookie & Cream；官網標示值,,
Subway 橙皮可可餅乾,Subway,45.0,220.0,2.0,28.0,11.1,餅乾；Orange Chocolate Cookie；官網標示值,,
星巴克 莓果燕麥優格,星巴克台灣,220,286,8.8,40.9,9.7,糕點/水果沙拉；官網標示值,,
星巴克 鮮蔬沙拉杯,星巴克台灣,123,139,0.9,8.1,11.4,糕點/水果沙拉；官網標示值,,
星巴克 蜜桃果粒優格,星巴克台灣,130,124,6.4,16.5,3.6,糕點/水果沙拉；官網標示值,,
星巴克 軟法麵包,星巴克台灣,95,304,9.9,44.7,9.5,糕點/麵包；官網標示值,,
星巴克 法式可頌,星巴克台灣,45,203,3.8,20.3,11.8,糕點/麵包；官網標示值,,
星巴克 裸麥核果麵包,星巴克台灣,100,288,8.2,49.5,6.4,糕點/麵包；官網標示值,,
星巴克 藍莓果粒貝果,星巴克台灣,90,248,7.7,52.6,0.8,糕點/麵包；官網標示值,,
星巴克 雙起司軟歐麵包,星巴克台灣,104,322,10.0,43.9,11.9,糕點/麵包；官網標示值,,
星巴克 海鹽奶油捲,星巴克台灣,48,159,4.5,23.1,5.4,糕點/麵包；官網標示值,,
星巴克 蜂蜜牛奶麵包,星巴克台灣,80,290,7.8,39.1,11.3,糕點/麵包；官網標示值,,
星巴克 藍莓果粒起司麵包,星巴克台灣,70,208,6.7,29.7,6.9,糕點/麵包；官網標示值,,
星巴克 美式花生生吐司,星巴克台灣,75,279,7.1,36.3,11.7,糕點/麵包；官網標示值,,
星巴克 芋見奶油軟法,星巴克台灣,105,335,7.1,47.6,12.9,糕點/麵包；官網標示值,,
星巴克 巧克力丹麥捲,星巴克台灣,85,362,7.7,40.7,18.7,糕點/麵包；官網標示值,,
星巴克 藍莓馬芬,星巴克台灣,95,339,5.0,40.7,17.4,糕點/麵包；官網標示值,,
星巴克 開心果奶油鹽可頌,星巴克台灣,100,341,9.0,47.5,12.8,糕點/麵包；官網標示值,,
星巴克 經典核桃肉桂捲,星巴克台灣,100,424,8.0,48.2,22.1,糕點/麵包；官網標示值,,
星巴克 美式牛肉穀物堡,星巴克台灣,185,476,21.1,54.8,19.2,糕點/輕食三明治；官網標示值,,
星巴克 焗烤法式里肌三明治,星巴克台灣,130,352,16.9,36.1,15.5,糕點/輕食三明治；官網標示值,,
星巴克 煙燻牛肉起司軟法堡,星巴克台灣,110,271,17.6,35.2,6.6,糕點/輕食三明治；官網標示值,,
星巴克 里肌炒蛋丹麥堡,星巴克台灣,120,408,12.2,29.0,27.0,糕點/輕食三明治；官網標示值,,
星巴克 傑克辣雞軟法堡,星巴克台灣,115,258,14.0,33.8,7.4,糕點/輕食三明治；官網標示值,,
星巴克 義式青醬雞肉可頌堡,星巴克台灣,146,393,18.5,29.6,22.3,糕點/輕食三明治；官網標示值,,
星巴克 青醬雞肉起司捲餅,星巴克台灣,135,301,18.2,21.5,15.8,糕點/輕食三明治；官網標示值,,
星巴克 焗烤德腸櫛瓜三明治,星巴克台灣,125,328,15.4,31.3,15.6,糕點/輕食三明治；官網標示值,,
星巴克 辣炒牛肉起司長堡,星巴克台灣,180,463,19.4,59.4,16.4,糕點/輕食三明治；官網標示值,,
星巴克 舒肥雞肉蔬菜盅,星巴克台灣,310,384,24.2,52.1,8.7,糕點/輕食三明治；官網標示值,,
星巴克 起司牛肉可頌,星巴克台灣,95,388,11.0,27.6,25.9,糕點/輕食三明治；官網標示值,,
星巴克 起司里肌可頌,星巴克台灣,100,402,12.2,26.7,27.4,糕點/輕食三明治；官網標示值,,
星巴克 黑松露嫩蛋三明治,星巴克台灣,120,275,8.4,39.4,9.4,糕點/輕食三明治；官網標示值,,
星巴克 烤雞生吐司三明治,星巴克台灣,165,342,21.0,34.2,13.4,糕點/輕食三明治；官網標示值,,
星巴克 松露烤雞生義大利麵,星巴克台灣,340,509,23.8,65.3,17.0,糕點/輕食三明治；官網標示值,,
星巴克 溫野菜,星巴克台灣,280,302,8.7,49.3,7.8,糕點/輕食三明治；官網標示值,,
星巴克 經典總匯三明治,星巴克台灣,220,513,27.9,59.2,18.3,糕點/輕食三明治；官網標示值,,
星巴克 舒肥雞鮮蔬帕里尼,星巴克台灣,195,437,18.5,42.9,21.3,糕點/輕食三明治；官網標示值,,
星巴克 櫛瓜培根麥芬堡,星巴克台灣,120,262,11.9,22.2,14.0,糕點/輕食三明治；官網標示值,,
星巴克 義式卡布里帕里尼,星巴克台灣,120,244,13.4,33.7,6.2,糕點/輕食三明治；官網標示值,,
星巴克 炭燒肉片起司捲餅,星巴克台灣,123,359,13.2,25.8,22.6,糕點/輕食三明治；官網標示值,,
星巴克 草莓優格星蕨餅,星巴克台灣,60,120,0.8,22.2,3.1,糕點/甜點心；官網標示值,,
星巴克 紅豆抹茶燉乳星蕨餅,星巴克台灣,60,135,1.0,23.0,4.3,糕點/甜點心；官網標示值,,
星巴克 比利時巧克力棉花糖餅乾,星巴克台灣,60,300,3.5,36.7,15.5,糕點/甜點心；官網標示值,,
星巴克 布朗尼脆餅,星巴克台灣,65,354,7.5,31.4,22.0,糕點/甜點心；官網標示值,,
星巴克 開心果可麗露,星巴克台灣,50,172,3.4,29.6,4.4,糕點/甜點心；官網標示值,,
星巴克 比利時風格鬆餅,星巴克台灣,45,208,3.6,23.8,11.0,糕點/甜點心；官網標示值,,
星巴克 綜合堅果塔,星巴克台灣,38,212,5.6,17.7,13.1,糕點/甜點心；官網標示值,,
星巴克 可麗露,星巴克台灣,40,130,2.6,23.6,2.8,糕點/甜點心；官網標示值,,
星巴克 葡萄乾司康,星巴克台灣,110,424,9.1,60.9,16.0,糕點/甜點心；官網標示值,,
星巴克 伯爵柚香司康,星巴克台灣,90,349,8.5,49.7,12.9,糕點/甜點心；官網標示值,,
星巴克 焙茶柚香威風蛋糕,星巴克台灣,65,220,3.9,20.7,13.5,糕點/蛋糕；官網標示值,,
星巴克 柚香蜂蜜波士頓派,星巴克台灣,58,180,2.8,14.4,12.4,糕點/蛋糕；官網標示值,,
星巴克 蘋果焦糖布蕾蛋糕,星巴克台灣,115,333,5.1,26.5,22.9,糕點/蛋糕；官網標示值,,
星巴克 黑芝麻可可千層薄餅,星巴克台灣,100,308,6.3,23.8,20.9,糕點/蛋糕；官網標示值,,
星巴克 芒果生乳捲,星巴克台灣,100,221,4.2,25.3,11.4,糕點/蛋糕；官網標示值,,
星巴克 焦糖可可歐培拉,星巴克台灣,90,364,4.7,30.4,24.8,糕點/蛋糕；官網標示值,,
星巴克 香檸紅心芭樂戚風蛋糕,星巴克台灣,85,235,4.1,26.2,14.4,糕點/蛋糕；官網標示值,,
星巴克 香芋布蕾蛋糕,星巴克台灣,95,257,4.1,29.4,13.7,糕點/蛋糕；官網標示值,,
星巴克 草莓起司蛋糕,星巴克台灣,92,330,4.3,23.9,24.1,糕點/蛋糕；官網標示值,,
星巴克 巴斯克起司蛋糕,星巴克台灣,95,329,5.9,14.6,27.4,糕點/蛋糕；官網標示值,,
星巴克 經典咖啡松露生巧克力蛋糕,星巴克台灣,95,334,5.5,33.3,19.9,糕點/蛋糕；官網標示值,,
星巴克 櫻桃黑森林蛋糕,星巴克台灣,85,259,4.3,24.5,16.0,糕點/蛋糕；官網標示值,,
星巴克 經典法式千層薄餅,星巴克台灣,90,271,5.2,17.6,20.0,糕點/蛋糕；官網標示值,,
星巴克 馬斯卡邦輕乳蛋糕,星巴克台灣,60,195,4.3,12.3,14.3,糕點/蛋糕；官網標示值,,
星巴克 法式岩漿巧克力蛋糕,星巴克台灣,98,422,6.5,34.1,28.8,糕點/蛋糕；官網標示值,,
星巴克 經典起司蛋糕,星巴克台灣,117,439,7.0,28.4,33.0,糕點/蛋糕；官網標示值,,
星巴克 檸檬塔,星巴克台灣,75,259,4.3,34.0,11.7,糕點/蛋糕；官網標示值,,
星巴克 長條芒果生乳捲(整條),星巴克台灣,500,1068,21.0,124.5,54.0,糕點/節慶預購；官網標示值,,
星巴克 六吋黑芝麻可可焦糖千層薄餅,星巴克台灣,740,2478,39.2,212.4,163.5,糕點/節慶預購；官網標示值,,
星巴克 五吋橙香雙層起司蛋糕,星巴克台灣,500,1691,24.0,126.5,121.0,糕點/節慶預購；官網標示值,,
星巴克 長條芋見雞肉鬆蛋糕,星巴克台灣,450,1315,30.2,166.1,59.0,糕點/節慶預購；官網標示值,,
星巴克 長條蜜桃紅茶蜂蜜蛋糕,星巴克台灣,290,820,20.0,171.0,6.0,糕點/節慶預購；官網標示值,,
星巴克 四吋櫻桃黑森林蛋糕,星巴克台灣,290,891,13.3,95.1,50.8,糕點/節慶預購；官網標示值,,
星巴克 六吋經典法式千層薄餅,星巴克台灣,620,2036,30.4,149.4,146.3,糕點/節慶預購；官網標示值,,
星巴克 八吋經典法式千層薄餅,星巴克台灣,900,2713,52.2,176.4,199.8,糕點/節慶預購；官網標示值,,
星巴克 六吋經典起司蛋糕,星巴克台灣,580,2111,32.5,135.1,160.1,糕點/節慶預購；官網標示值,,
星巴克 六吋檸檬塔,星巴克台灣,450,1353,20.2,151.0,74.2,糕點/節慶預購；官網標示值,,
星巴克 奶油瑪德蓮佐冰淇淋,星巴克台灣,115,345,5.0,37.5,19.5,糕點/冰淇淋糕點；官網標示值,,
星巴克 檸檬瑪德蓮佐冰淇淋,星巴克台灣,125,393,5.4,42.6,22.4,糕點/冰淇淋糕點；官網標示值,,
星巴克 可可瑪德蓮佐冰淇淋,星巴克台灣,125,392,5.9,43.2,21.9,糕點/冰淇淋糕點；官網標示值,,
星巴克 法式岩漿巧克力佐冰淇淋,星巴克台灣,178,612,9.7,54.3,39.5,糕點/冰淇淋糕點；官網標示值,,
星巴克 日安可頌,星巴克台灣,70,302,5.6,32.2,16.8,現烤糕點；官網標示值,,
星巴克 巧克甜心丹麥,星巴克台灣,75,282,4.1,32.0,15.0,現烤糕點；官網標示值,,
星巴克 諾曼第蘋果派,星巴克台灣,100,193,2.1,33.7,5.5,現烤糕點；官網標示值,,
星巴克 地中海蔬食鹹派,星巴克台灣,110,273,5.3,21.9,18.2,現烤糕點；官網標示值,,
星巴克 起司可頌,星巴克台灣,81,292,7.7,27.1,17.0,現烤糕點；官網標示值,,
星巴克 黑白巧克力餅乾,星巴克台灣,50,220,2.9,28.9,10.3,現烤糕點；官網標示值,,
星巴克 夏威夷豆白巧餅乾,星巴克台灣,50,238,3.0,31.3,11.35,現烤糕點；官網標示值,,
星巴克 燕麥葡萄乾餅乾,星巴克台灣,50,204,2.6,32.9,7.3,現烤糕點；官網標示值,,
星巴克 粉紅覆盆莓可頌,星巴克台灣,79,301,5.1,42.3,12.6,現烤糕點；官網標示值,,
星巴克 脆糖卡士達可頌,星巴克台灣,100,331,6.2,43.8,15.0,現烤糕點；官網標示值,,
星巴克 檸檬瑪德蓮,星巴克台灣,45,203,2.2,22.5,11.7,現烤糕點；官網標示值,,
星巴克 義式番茄起司捲,星巴克台灣,100,312,7.3,32.3,17.1,現烤糕點；官網標示值,,
星巴克 經典奶油瑪德蓮,星巴克台灣,45,201,2.6,22.4,11.2,現烤糕點；官網標示值,,
星巴克 葡式蛋撻,星巴克台灣,80,181,3.6,27.0,6.7,現烤糕點；官網標示值,,
星巴克 法式烤布蕾瑪德蓮,星巴克台灣,45,211,2.4,20.7,13.1,現烤糕點；官網標示值,,
星巴克 可可瑪德蓮,星巴克台灣,45,202,2.7,23.0,11.3,現烤糕點；官網標示值,,
星巴克 巧克力瑪芬,星巴克台灣,70,293,3.8,32.8,16.5,現烤糕點；官網標示值,,
星巴克 比利時鬆餅,星巴克台灣,60,273,3.5,33.0,14.4,現烤糕點；官網標示值,,
星巴克 焗烤奶油馬鈴薯塔,星巴克台灣,120,144,4.6,15.4,7.4,現烤糕點；官網標示值,,
星巴克 榛果巧克力蛋撻,星巴克台灣,62,191,2.8,25.3,8.7,現烤糕點；官網標示值,,
星巴克 巧克力雙色可頌,星巴克台灣,90,399,7.5,45.0,21.0,現烤糕點；官網標示值,,
星巴克 鹹焦糖蘋果派,星巴克台灣,80,222,3.2,29.6,10.4,現烤糕點；官網標示值,,
星巴克 葡萄丹麥捲,星巴克台灣,110,322,5.4,42.9,14.3,現烤糕點；官網標示值,,
星巴克 起司棒,星巴克台灣,82,328,8.0,34.0,17.8,現烤糕點；官網標示值,,
星巴克 蝴蝶酥,星巴克台灣,40,154,1.8,14.8,9.8,現烤糕點；官網標示值,,
星巴克 蘋果肉桂餅乾,星巴克台灣,50,219,2.8,30.8,9.4,現烤糕點；官網標示值,,
星巴克 美式可可餅乾,星巴克台灣,50,219,2.8,30.8,9.4,現烤糕點；官網標示值,,
星巴克 白松露焗烤馬鈴薯塔,星巴克台灣,100,117,3.1,13.6,5.8,現烤糕點；官網標示值,,
星巴克 卡布里風番茄起司鹹派,星巴克台灣,136,413,9.4,32.6,27.2,現烤糕點；官網標示值,,
星巴克 可可比利時鬆餅,星巴克台灣,60,268,3.5,30.8,14.8,現烤糕點；官網標示值,,
星巴克 楓糖核桃丹麥捲,星巴克台灣,95,410,3.9,37.3,27.6,現烤糕點；官網標示值,,
星巴克 義式蔬菜鹹派,星巴克台灣,100,215,3.9,23.8,12.0,現烤糕點；官網標示值,,
星巴克 牛肝菌焗烤馬鈴薯塔,星巴克台灣,100,112,3.3,12.7,5.6,現烤糕點；官網標示值,,
星巴克 法式杏桃可頌,星巴克台灣,90,319,6.0,42.3,14.4,現烤糕點；官網標示值,,
摩斯漢堡(原味/辣味)(牛),摩斯漢堡,0,433.9,17.8,38.0,23.5,漢堡類；官網標示值 2026/6月,,
摩斯吉士漢堡(原味/辣味)(牛),摩斯漢堡,0,478.9,18.7,35.6,29.3,漢堡類；官網標示值 2026/6月,,
辣味摩斯漢堡,摩斯漢堡,0,421.9,17.3,37.1,22.8,漢堡類；官網標示值 2026/6月,,
辣味摩斯吉士漢堡,摩斯漢堡,0,478.2,20.4,38.7,27.1,漢堡類；官網標示值 2026/6月,,
摩斯鱈魚堡,摩斯漢堡,0,508.0,20.5,39.6,28.7,漢堡類；官網標示值 2026/6月,,
蜜汁烤雞堡,摩斯漢堡,0,383.4,18.0,34.6,19.3,漢堡類；官網標示值 2026/6月,,
蜜汁烤雞起司堡,摩斯漢堡,0,428.3,20.0,35.0,23.1,漢堡類；官網標示值 2026/6月,,
摩斯炸蝦堡,摩斯漢堡,0,353.0,11.1,44.2,14.7,漢堡類；官網標示值 2026/6月,,
摘鮮綠摩斯炸蝦堡,摩斯漢堡,0,208.0,6.4,20.5,11.4,漢堡類；官網標示值 2026/6月,,
摘鮮綠烤雞起司堡,摩斯漢堡,0,280.9,15.4,11.4,19.5,漢堡類；官網標示值 2026/6月,,
摘鮮綠元氣牛肉堡,摩斯漢堡,0,396.1,20.3,10.1,30.6,漢堡類；官網標示值 2026/6月,,
摘鮮綠元氣摩力堡,摩斯漢堡,0,203.1,15.0,10.7,11.3,漢堡類；官網標示值 2026/6月,,
輕檸雙牛堡,摩斯漢堡,0,577.5,23.2,34.0,38.9,漢堡類；官網標示值 2026/6月,,
和風蔬活牛肉堡,摩斯漢堡,0,501.7,18.8,34.6,32.2,漢堡類；官網標示值 2026/6月,,
超級大麥燒肉珍珠堡,摩斯漢堡,0,436.3,13.5,55.4,17.9,米漢堡類；官網標示值 2026/6月,,
超級大麥薑燒珍珠堡,摩斯漢堡,0,341.6,14.6,54.0,7.5,米漢堡類；官網標示值 2026/6月,,
超級大麥海洋珍珠堡,摩斯漢堡,0,373.5,9.2,64.0,8.9,米漢堡類；官網標示值 2026/6月,,
超級大麥杏鮑菇珍珠堡,摩斯漢堡,0,318.0,7.4,63.3,3.9,米漢堡類；官網標示值 2026/6月,,
超級大麥元氣牛肉珍珠堡,摩斯漢堡,0,627.3,25.3,58.3,32.6,米漢堡類；官網標示值 2026/6月,,
超級大麥元氣摩力珍珠堡,摩斯漢堡,0,419.1,19.4,58.9,11.8,米漢堡類；官網標示值 2026/6月,,
燒肉珍珠堡(牛),摩斯漢堡,0,474.4,15.0,63.6,17.8,米漢堡類；官網標示值 2026/6月,,
薑燒珍珠堡,摩斯漢堡,0,371.5,15.4,62.2,6.8,米漢堡類；官網標示值 2026/6月,,
海洋珍珠堡,摩斯漢堡,0,403.5,10.0,72.2,8.3,米漢堡類；官網標示值 2026/6月,,
杏鮑菇珍珠堡,摩斯漢堡,0,348.1,8.2,71.5,3.2,米漢堡類；官網標示值 2026/6月,,
元氣牛肉珍珠堡,摩斯漢堡,0,657.4,26.0,66.5,32.0,米漢堡類；官網標示值 2026/6月,,
元氣摩力珍珠堡,摩斯漢堡,0,449.1,20.1,67.1,11.2,米漢堡類；官網標示值 2026/6月,,
摩斯熱狗堡,摩斯漢堡,0,278.4,12.7,31.1,11.6,熱狗堡類；官網標示值 2026/6月,,
辣味吉利熱狗堡,摩斯漢堡,0,287.4,13.3,31.0,12.3,熱狗堡類；官網標示值 2026/6月,,
火腿蛋三明治(亞麻玄米吐司),摩斯漢堡,0,420.2,17.6,35.8,23.0,早餐類；官網標示值 2026/6月,,
黃金蝦三明治(亞麻玄米吐司),摩斯漢堡,0,295.6,8.4,41.0,10.9,早餐類；官網標示值 2026/6月,,
日式豬排三明治(亞麻玄米吐司),摩斯漢堡,0,280.8,10.3,38.4,9.6,早餐類；官網標示值 2026/6月,,
雞肉三明治(亞麻玄米吐司),摩斯漢堡,0,365.6,14.1,36.4,18.2,早餐類；官網標示值 2026/6月,,
蕃茄吉士蛋貝果,摩斯漢堡,0,382.9,18.4,51.7,11.5,早餐類；官網標示值 2026/6月,,
火腿歐姆蛋貝果,摩斯漢堡,0,416.2,21.5,52.6,13.3,早餐類；官網標示值 2026/6月,,
培根雞蛋貝果,摩斯漢堡,0,517.8,21.3,53.0,24.5,早餐類；官網標示值 2026/6月,,
摩斯貝果(附草莓醬),摩斯漢堡,0,247.0,9.5,49.7,1.1,早餐類；官網標示值 2026/6月,,
和風玉子珍珠堡,摩斯漢堡,0,314.2,12.0,52.8,6.1,早餐類；官網標示值 2026/6月,,
摩斯豬排堡,摩斯漢堡,0,336.2,14.7,42.4,12.1,早餐類；官網標示值 2026/6月,,
黃金塔塔鱈魚堡,摩斯漢堡,0,361.8,18.5,41.2,13.7,早餐類；官網標示值 2026/6月,,
元氣牛肉蛋堡,摩斯漢堡,0,471.5,22.8,32.2,27.8,早餐類；官網標示值 2026/6月,,
培根雞蛋堡,摩斯漢堡,0,410.7,16.8,27.7,25.9,早餐類；官網標示值 2026/6月,,
火腿歐姆蛋堡,摩斯漢堡,0,309.6,17.8,25.8,15.1,早餐類；官網標示值 2026/6月,,
蕃茄吉士蛋堡,摩斯漢堡,0,287.9,14.1,26.4,14.1,早餐類；官網標示值 2026/6月,,
火腿蛋三明治,摩斯漢堡,0,423.0,17.4,39.3,22.1,早餐類；官網標示值 2026/6月,,
日式豬排三明治,摩斯漢堡,0,303.0,13.0,43.5,9.7,早餐類；官網標示值 2026/6月,,
雞肉三明治,摩斯漢堡,0,355.0,17.2,41.4,14.5,早餐類；官網標示值 2026/6月,,
黃金蝦三明治(塔塔醬),摩斯漢堡,0,331.6,10.7,46.2,11.6,早餐類；官網標示值 2026/6月,,
和風雞腿堡,摩斯漢堡,0,275.8,18.0,12.0,17.3,點心類；官網標示值 2026/6月,,
和風雞腿堡(可可咖哩),摩斯漢堡,0,286.8,18.4,14.0,17.5,點心類；官網標示值 2026/6月,,
辣味和風雞腿堡,摩斯漢堡,0,275.8,18.0,12.0,17.3,點心類；官網標示值 2026/6月,,
和風炸雞,摩斯漢堡,0,563.6,22.1,31.7,38.7,點心類；官網標示值 2026/6月,,
摩斯雞塊(6個),摩斯漢堡,0,289.7,19.4,13.6,17.5,點心類；官網標示值 2026/6月,,
摩斯雞塊(4個),摩斯漢堡,0,193.1,12.9,9.1,11.7,點心類；官網標示值 2026/6月,,
北海道可樂餅,摩斯漢堡,0,176.0,2.4,18.0,9.5,點心類；官網標示值 2026/6月,,
方塊薯餅(3個),摩斯漢堡,0,227.2,2.3,18.5,15.6,點心類；官網標示值 2026/6月,,
薯條,摩斯漢堡,0,455.6,4.4,50.6,26.2,點心類；官網標示值 2026/6月,,
MOS熱狗,摩斯漢堡,0,195.0,12.4,2.0,15.3,點心類；官網標示值 2026/6月,,
摩斯薯蓉餅組,摩斯漢堡,0,213.2,4.1,18.3,13.8,點心類；官網標示值 2026/6月,,
雞肉地瓜總匯沙拉,摩斯漢堡,0,139.3,7.0,14.8,5.9,點心類；官網標示值 2026/6月,,
夏威夷元氣鹹蘇打,摩斯漢堡,0,109.2,3.1,9.4,6.8,點心類；官網標示值 2026/6月,,
玉米濃湯,摩斯漢堡,0,152.9,2.9,21.8,6.1,熱湯類；官網標示值 2026/6月,,
鮮菇濃湯,摩斯漢堡,0,106.8,3.2,12.6,4.9,熱湯類；官網標示值 2026/6月,,
葡萄蒟蒻,摩斯漢堡,0,110.0,0.0,27.6,0.0,甜點；官網標示值 2026/6月,,
蜂蜜檸檬蒟蒻,摩斯漢堡,0,94.2,0.0,23.6,0.0,甜點；官網標示值 2026/6月,,
抹茶紅豆米派(1個),摩斯漢堡,0,191.2,2.0,24.9,9.3,甜點；官網標示值 2026/6月,,
焦糖布丁,摩斯漢堡,0,180.0,6.0,16.4,10.0,甜點；官網標示值 2026/6月,,
MOS巴斯克乳酪蛋糕,摩斯漢堡,0,347.0,7.0,23.0,25.3,甜點；官網標示值 2026/6月,,
可樂(L),摩斯漢堡,0,251.0,0.0,64.9,0.0,冷飲類；官網標示值 2026/6月,,
雪碧(L),摩斯漢堡,0,265.0,0.0,64.9,0.0,冷飲類；官網標示值 2026/6月,,
摩斯薔薇冰紅茶(L),摩斯漢堡,0,201.8,0.0,50.4,0.0,冷飲類；官網標示值 2026/6月,,
冰紅茶(M),摩斯漢堡,0,111.0,0.0,22.2,0.0,冷飲類；官網標示值 2026/6月,,
冰紅茶(L),摩斯漢堡,0,154.0,0.0,27.3,0.0,冷飲類；官網標示值 2026/6月,,
冰紅茶(無糖)(M),摩斯漢堡,0,3.4,0.0,0.9,0.0,冷飲類；官網標示值 2026/6月,,
冰紅茶(無糖)(L),摩斯漢堡,0,4.7,0.0,1.2,0.0,冷飲類；官網標示值 2026/6月,,
100%台灣冰綠茶(無糖)(M),摩斯漢堡,0,0.0,0.0,0.0,0.0,冷飲類；官網標示值 2026/6月,,
100%台灣冰綠茶(無糖)(L),摩斯漢堡,0,0.0,0.0,0.0,0.0,冷飲類；官網標示值 2026/6月,,
柚子冰茶,摩斯漢堡,0,319.8,0.1,79.8,0.0,冷飲類；官網標示值 2026/6月,,
100%新鮮柳丁汁,摩斯漢堡,0,170.1,2.4,38.5,0.7,冷飲類；官網標示值 2026/6月,,
摩斯抹茶(M),摩斯漢堡,0,224.1,2.2,39.2,6.5,冷飲類；官網標示值 2026/6月,,
摩斯抹茶歐蕾(M),摩斯漢堡,0,224.9,2.2,39.0,6.7,冷飲類；官網標示值 2026/6月,,
摩斯可可(L),摩斯漢堡,0,297.9,2.6,52.4,8.7,冷飲類；官網標示值 2026/6月,,
MOS 葡萄汁,摩斯漢堡,0,144.8,0.4,35.8,0.0,冷飲類；官網標示值 2026/6月,,
MOS蘋果汁,摩斯漢堡,0,104.0,0.4,25.6,0.0,冷飲類；官網標示值 2026/6月,,
柚子熱茶(M),摩斯漢堡,0,119.0,0.0,30.0,0.0,熱飲類；官網標示值 2026/6月,,
摩斯熱紅茶(M),摩斯漢堡,0,1.6,0.0,0.4,0.0,熱飲類；官網標示值 2026/6月,,
摩斯熱可可(M),摩斯漢堡,0,297.9,2.6,52.4,8.7,熱飲類；官網標示值 2026/6月,,
耶加雪菲(M),摩斯漢堡,0,4.3,0.5,0.7,0.0,熱咖啡；官網標示值 2026/6月,,
摩斯咖啡(M),摩斯漢堡,0,120.8,6.1,9.1,6.7,熱咖啡；官網標示值 2026/6月,,
摩斯咖啡(L),摩斯漢堡,0,6.5,0.6,1.1,0.0,熱咖啡；官網標示值 2026/6月,,
拿鐵咖啡(M),摩斯漢堡,0,135.1,6.8,10.3,7.4,熱咖啡；官網標示值 2026/6月,,
拿鐵咖啡(L),摩斯漢堡,0,163.0,8.3,12.5,8.9,熱咖啡；官網標示值 2026/6月,,
摩斯經典奶茶(L),摩斯漢堡,0,176.0,5.3,25.4,5.9,熱咖啡；官網標示值 2026/6月,,
摩斯特調紅茶歐蕾(L),摩斯漢堡,0,133.0,6.9,9.8,6.8,熱咖啡；官網標示值 2026/6月,,
精選咖啡(M),摩斯漢堡,0,6.6,0.32,0.96,0.16,熱咖啡；官網標示值 2026/6月,,
精選咖啡(L),摩斯漢堡,0,7.4,0.36,1.08,0.18,熱咖啡；官網標示值 2026/6月,,
精選拿鐵咖啡(M),摩斯漢堡,0,121.0,6.0,9.1,6.7,熱咖啡；官網標示值 2026/6月,,
精選拿鐵咖啡(L),摩斯漢堡,0,135.5,6.8,10.3,7.5,熱咖啡；官網標示值 2026/6月,,
阿里山咖啡(M),摩斯漢堡,0,12.6,0.4,2.0,0.3,熱咖啡；官網標示值 2026/6月,,
耶加雪菲(M)冰,摩斯漢堡,0,9.1,1.0,1.3,0.0,水冰咖啡；官網標示值 2026/6月,,
摩斯咖啡(M)冰,摩斯漢堡,0,11.7,1.0,2.0,0.0,水冰咖啡；官網標示值 2026/6月,,
摩斯咖啡(L)冰,摩斯漢堡,0,15.1,1.3,2.6,0.0,水冰咖啡；官網標示值 2026/6月,,
拿鐵咖啡(M)冰,摩斯漢堡,0,128.8,6.5,9.8,7.0,水冰咖啡；官網標示值 2026/6月,,
拿鐵咖啡(L)冰,摩斯漢堡,0,163.0,8.3,12.5,8.9,水冰咖啡；官網標示值 2026/6月,,
熱可可拿鐵咖啡(M),摩斯漢堡,0,277.8,7.8,36.0,11.4,水冰咖啡；官網標示值 2026/6月,,
卡布奇諾(M),摩斯漢堡,0,124.5,6.3,9.9,6.7,水冰咖啡；官網標示值 2026/6月,,
卡布奇諾(L),摩斯漢堡,0,145.0,7.3,11.5,7.8,水冰咖啡；官網標示值 2026/6月,,
摩斯奶茶(M),摩斯漢堡,0,172.2,8.7,12.7,9.6,水冰咖啡；官網標示值 2026/6月,,
精選咖啡(M)冰,摩斯漢堡,0,13.3,0.65,1.95,0.32,水冰咖啡；官網標示值 2026/6月,,
精選咖啡(L)冰,摩斯漢堡,0,17.2,0.84,2.52,0.42,水冰咖啡；官網標示值 2026/6月,,
精選拿鐵咖啡(M)冰,摩斯漢堡,0,129.3,6.4,9.8,7.1,水冰咖啡；官網標示值 2026/6月,,
精選拿鐵咖啡(L)冰,摩斯漢堡,0,163.6,8.2,12.5,9.0,水冰咖啡；官網標示值 2026/6月,,
阿里山咖啡(M)冰,摩斯漢堡,0,11.3,0.4,1.8,0.3,水冰咖啡；官網標示值 2026/6月,,
柑橘雞腿堡,摩斯漢堡,0,514.3,17.0,50.4,27.3,套餐/新品；官網標示值 2026/6月,,
蒲燒鰻珍珠堡(限店),摩斯漢堡,0,429.5,16.4,62.9,12.5,套餐/新品；官網標示值 2026/6月,,
韓式燒肉珍珠堡,摩斯漢堡,0,470.0,14.2,61.3,18.7,套餐/新品；官網標示值 2026/6月,,
韓式豚肉珍珠堡,摩斯漢堡,0,353.9,14.5,55.4,8.3,套餐/新品；官網標示值 2026/6月,,
極上天丼珍珠堡,摩斯漢堡,0,460.2,13.6,72.9,12.7,套餐/新品；官網標示值 2026/6月,,
牛蒡培根珍珠堡,摩斯漢堡,0,392.9,10.2,61.7,11.7,套餐/新品；官網標示值 2026/6月,,
超級大麥牛蒡培根珍珠堡,摩斯漢堡,0,377.3,9.2,58.7,11.7,套餐/新品；官網標示值 2026/6月,,
炸和牛棒球堡,摩斯漢堡,0,503.9,14.2,39.6,32.2,套餐/新品；官網標示值 2026/6月,,
松露起司牛肉堡(限店),摩斯漢堡,0,668.0,21.5,32.3,50.4,套餐/新品；官網標示值 2026/6月,,
野球牛肉堡(限店),摩斯漢堡,0,504.2,18.1,36.6,31.8,套餐/新品；官網標示值 2026/6月,,
法式蕈菇蛋堡,摩斯漢堡,0,332.6,13.8,27.2,19.4,套餐/新品；官網標示值 2026/6月,,
青梅豬排堡,摩斯漢堡,0,385.3,14.8,42.6,17.4,套餐/新品；官網標示值 2026/6月,,
新咕咕雞堡,摩斯漢堡,0,376.6,15.0,38.9,18.0,套餐/新品；官網標示值 2026/6月,,
酥炸杏鮑菇,摩斯漢堡,0,174.2,2.3,18.7,10.0,套餐/新品；官網標示值 2026/6月,,
玉米白醬可樂餅(1個),摩斯漢堡,0,102.9,1.7,9.6,6.4,套餐/新品；官網標示值 2026/6月,,
明太子薯條,摩斯漢堡,0,185.1,3.4,37.3,28.0,套餐/新品；官網標示值 2026/6月,,
雞塊月亮薯組,摩斯漢堡,0,370.7,11.8,28.4,23.3,套餐/新品；官網標示值 2026/6月,,
月亮薯條,摩斯漢堡,0,301.2,2.8,28.8,19.4,套餐/新品；官網標示值 2026/6月,,
紅心芭樂菊蒜冰茶,摩斯漢堡,0,148.0,0.0,37.0,0.0,新品冷飲；官網標示值 2026/6月,,
紅心芭樂蘇打,摩斯漢堡,0,351.2,0.0,87.8,0.0,新品冷飲；官網標示值 2026/6月,,
紅心芭樂拿鐵咖啡,摩斯漢堡,0,103.8,0.5,25.5,0.0,新品冷飲；官網標示值 2026/6月,,
紅心芭樂牛奶冰沙(限店),摩斯漢堡,0,213.2,3.3,41.7,3.7,新品冷飲；官網標示值 2026/6月,,
康普蒟蒻冰茶(L),摩斯漢堡,0,270.7,0.1,67.6,0.0,新品冷飲；官網標示值 2026/6月,,
摩斯奶普(限店),摩斯漢堡,0,288.1,8.0,47.0,7.6,新品冷飲；官網標示值 2026/6月,,
摩斯奶普-咖啡風味(限店),摩斯漢堡,0,295.2,8.4,48.4,7.6,新品冷飲；官網標示值 2026/6月,,
和風蔬菜湯,摩斯漢堡,0,92.6,6.2,12.0,2.2,其他；官網標示值 2026/6月,,
大麥仁紅豆湯,摩斯漢堡,0,277.1,8.1,60.5,0.3,其他；官網標示值 2026/6月,,
冬瓜檸檬蒟蒻,摩斯漢堡,0,145.9,0.0,36.5,0.0,其他；官網標示值 2026/6月,,
蘋果鳳梨蒟蒻,摩斯漢堡,0,114.0,0.0,28.5,0.0,其他；官網標示值 2026/6月,,
香蕉巧克力米派(1個),摩斯漢堡,0,191.7,2.2,20.8,11.1,其他；官網標示值 2026/6月,,
地瓜米吉拿(4入)(限店),摩斯漢堡,0,314.1,0.9,27.3,22.4,其他；官網標示值 2026/6月,,
San Pellegrino 葡萄柚氣泡飲,San Pellegrino,330,132,0,31,0,Pompelmo葡萄柚口味；330ml整罐；每100ml 40kcal,,
薑汁風味汽水,Canada Dry,355,132,0,33,0,355ml整罐；薑汁風味；美國原裝進口,,
7-11握便當豪華秘製雙拼,7-ELEVEN官方標示,221,419,14,60,13,熱量419kcal官方標示確認；P/C/F為推算值；每份221g；1份/包,,
統一營養強化高鈣牛乳BCAA,統一,400,264,15,20,12,400ml乳飲品；2倍鈣+D3+BCAA；蛋白質15g官方標示確認；其餘推算±10%,,
in果凍膠原蛋白,森永製菓,180,51,6.7,6.1,0,膠原蛋白5000mg，維生素C 80mg,,
野餐日蒜香舒肥雞胸餐盒,野餐.日/台南市衛生局健康餐點認證,0,671,35,85,27,一人份；紫米飯1碗+地瓜¼碗+玉米⅕碗+水煮蛋½個+舒肥雞胸1手掌大+蔬菜1碗；熱量為衛生局標示值，三大營養素依六大類份數換算,,
秘香椒麻嫩雞胸,全家FamilyMart,120.0,148.8,29,3.8,1.9,每份熱量148.8大卡;每份規格120公克;(本包裝含1份)；鈉571mg,,
麵包(奶油軟法類),包裝標示,110,342,9.5,46.0,13.3,每份110g；糖22.9g；鈉486mg；反式脂肪0g,,
Cheetos 奇多 隨口脆 香菜口味,台灣百事食品,28,166,1.2,14.9,11.3,每包1份28g；反式脂肪0g,,
野餐日 蒜香舒肥雞胸餐盒,台南市衛生局健康餐點,0,671,35,85,27,紫米飯1碗、地瓜¼碗、玉米⅕碗、水煮蛋½個、蒜香舒肥雞胸1手掌、蔬菜1碗；六大類換算,,
洋蔥脆脆（酸奶洋蔥口味）,不明品牌,45,220,4.9,27.0,10.3,每份45g/包；糖2.6g,,
元初豆坊6.0高蛋白濃豆乳（無加糖）,元初豆坊,375,259,22.5,10.1,14.3,375ml/盒；無加糖；非基改黃豆,,
統一陽光無加糖超優蛋白豆漿,統一,375,231,20.6,12.8,11.6,375ml整盒；無加糖；非基因改造黃豆；膳食纖維3.4g；鈉38mg,,
統一陽光無加糖超優蛋白豆漿,統一企業,375,231,20.6,12.8,11.6,375ml/包；無加糖；每100ml 61.7kcal／P5.5g／C3.4g／F3.1g；鈉38mg/份,,
21Plus椒麻雞胸,21Plus,100,117,23.6,0,1.8,每包100g；鈉620mg；微波加熱即食,,
7-11魚卵龍蝦風味沙拉飯糰,7-11統一超食代,110,224,5.0,37.7,5.9,每份110g；鈉348mg；微辣,,
尾西攜帶おにぎり鮭魚,尾西食品,42,152,3.0,33.9,0.5,アルファ米即食飯糰；鹽分0.6g/份；加水還原,,
統一瑞穗低脂鮮乳,統一企業,290,129,9.3,13.9,4.1,290ml/包；每100ml 44.6kcal；鈣110mg/100ml；乳脂肪0.5-1.5%,,
杜老爺情人果冰棒,杜老爺,83,79,0,19.7,0,每支83g；糖17.2g；照片營養標示值,,
ICE BOX濃い果実氷麝香葡萄,森永製菓,129.5,51,0.3,12.6,0,果汁80%；含甜味劑（阿斯巴甜、蔗糖素）；糖11g；鈉20.6mg,,
ICE BOX濃い果実氷巨峰葡萄,森永製菓,129.5,42,0.3,10.2,0,果汁80%；含甜味劑；糖10.1g；鈉21.6mg,,
五穀紅麴玄米捲,鑫豪食品,5,29,0.3,2.6,1.9,每包6份，總重30g；鈉16mg/份,,
Vicens Turrón（西班牙杏仁糖）,Vicens,100,549,19,30,35,per 100g；糖29g；飽和脂肪5g；無麩質；西班牙進口,,
統一麵包(綠標/含餡),統一企業,102,429,10.8,46.7,22.1,每包1份102g；鈉341mg；綠色包裝統一麵包,,
CITY CAFE拿鐵咖啡(大杯L),7-ELEVEN官方SGS檢測,0,246,11,18,10,熱拿鐵大杯；官方熱量246kcal/糖17g；P/F依全脂奶估算；±15%,,
福樂頂級鮮奶優酪,福樂FreshDelight,135,83,4.1,5.5,4.9,每杯135g；鈣122mg；鈉50mg,,
剝皮辣椒風味雞肉鹵肉(和風),元進莊,140,163,30.2,1.4,4.1,每包1份140g；鈉569mg；冷藏即食,,
繽紛水果沙拉,雲林縣新澄合作農場,179,111,1.1,24.9,0.7,每份179g整包1份；糖20.8g；鈉311mg,,
地瓜雞胸肉沙拉(袋裝),雲林縣新湖合作農場,162,111,9.9,10.9,3.1,每份162g；成分含雞胸肉、美生菜、黃肉地瓜、紫高麗菜、雞蛋、法式油醋醬；標示值,,
7-11剝皮辣椒雞胸肉(21世紀),21Plus/統一超商7-11,140,136,31.0,2.0,2.5,每份140g；熱量依部落格實測值；蛋白質/脂肪依21Plus同品牌椒麻口味比例推算；誤差±15%,,
7-11剝皮辣椒風味雞肉鹵肉(21世紀和風),21Plus/統一超商7-11,140,163,30.2,1.4,4.1,每份140g；鈉569mg；標示值；冷藏即食微波加熱,,
繽紛水果沙拉,保證責任雲林縣新澄合作農場,179,111,1.1,24.9,0.7,每份179g，糖20.8g，鈉311mg,,
21Plus椒麻雞胸,二十一世紀生活事業/7-11,100,117,23.6,1.6,1.8,冷藏即食；鈉620mg,,
賀立蛋白PLUS希臘式優格,台灣比菲多食品,150,134,10.0,23.4,0.0,無脂肪無加糖；糖13.2g；鈉72mg,,
賀立蛋白PLUS希臘式優格(150g/份),賀立,150,134,10.0,23.4,0.0,無奶油無膠體無加糖;每份150g含1份;條碼4710784969900,,
全家烤蛋白餐盒(Roasted Egg White & Chicken),FamilyMart,0,438,28.2,50,10,標示熱量438kcal/蛋白28.2g;脂肪碳水估算;食鹽1.50g;楊承樺監製健康志向系列,,
烤蛋白餐盒(健康志向),全家FamilyMart,391.0,438.0,28.2,57.5,10.6,每份熱量438大卡;每份規格391公克;(本包裝含1份)；鈉598mg,,
義美生醫W PROTEIN分離乳清蛋白(原味),義美生醫I-Mei,25,93.4,21.6,1.0,0.3,分離乳清蛋白Isolate；每份25g；20份/包；標示值,,
福記滷蛋,福記,35,67,5.0,2.1,4.3,每份35g；1份/包；標示值；鈉185mg,,
7-11 Simple-Fit 香草岩鹽雞胸鮮蔬餐盒,7-ELEVEN,316,360,22.8,48.7,8.2,Simple-Fit系列；每盒316g；1份；鈉942mg；標示值,,
星巴克 冰醇濃抹茶那堤 Venti,星巴克台灣,591,340,16,47,10,Iced Matcha Latte V；591mL；官網估算值；使用全脂牛奶,,
池上農會湯泡飯-蔬菜芙蓉,台東縣池上鄉農會,123,201,6.5,50.0,1.4,湯泡飯蔬菜芙蓉；每碗123g；1份；鈉690mg；標示值,,
CP紐奧良風味雞胸肉,卜蜂CP,100,131,22.2,3.0,3.4,紐奧良風味；每份100g；1份/包；鈉538mg；標示值,,
光泉牧場生乳黑豆漿,光泉牧場,375,170,10.9,18.0,6.0,375mL/盒；1份；鈉60mg；含蜂蜜蔗糖；標示值,,
統一低脂鮮乳,統一企業,100,44.6,3.2,4.8,1.4,每100mL；鈣110mg；鈉42mg；標示值,110,
無調味綜合堅果,盛香珍,20,134,3.4,4.2,11.5,Unsalted Assorted Nuts；每份20g；7份/包；全素；標示值,,
中冰經典美式,全家FamilyMart,100.0,10.0,0,0,0,每份熱量10大卡,,
中華民國農會巧克力保久乳飲品,中華民國農會,250,155,4.3,22.0,5.5,250mL/瓶；標示值,,
光泉無加糖鮮豆漿,光泉,400,145,13.6,6.4,7.2,400mL/包；標示值；非基因改造黃豆,,
21Plus椒麻雞胸,21世紀生活事業,100,117,23.6,1.6,1.8,100g/包；冷藏即食；標示值,,
統一PROKING舒肥雞胸,統一企業,100,112,20.0,2.3,2.5,100g/包；冷藏即食；標示值,,
Kid-O草莓威化夾心餅,Kid-O,32,154,2,20,7,整條約32g；包裝標示154kcal；草莓口味；蛋白/碳水/脂肪依奶油口味比例估算,,
立頓蜜桃烏龍茶650ml,全家FamilyMart,100.0,76.0,0,19.2,0,每份熱量76大卡;每份規格400毫升;(本包裝含1份)；鈉80mg,,
福樂超能蛋白營養牛乳(鮮草莓口味),佳格食品,375,207,21.4,27.8,1.1,375mL/包；含BCAA 3926mg；標示值,,
The Royal Garden 半島酒店蝴蝶酥(Butterfly Cookies),The Royal Garden Hong Kong,100,531,7.1,61.8,29,香港九龍The Royal Garden；每100g標示值；蝴蝶酥/Palmier；反式脂肪1.1g/100g,,
光泉低脂鮮乳,全家FamilyMart,100.0,133.3,9.6,14.5,4.1,每份熱量133.3大卡;每份規格290毫升;(本包裝含1份)；鈉148mg,,
光泉低脂高優質鮮乳,光泉,290,133,9.6,14.5,4.1,290mL/瓶；低脂乳脂肪0.5-1.5%；鈣290mg/瓶；標示值,,
北田12穀物蛋黃捲,北田(Pei Tien),10,45,0.8,6.5,1.8,每條約10g；蛋素；多穀物；估算值±15%,,
鮪魚飯糰,全家FamilyMart,106.0,188.0,5,32,4.3,每份熱量188大卡;每份規格106公克;(本包裝含1份)；鈉195mg,,
義美生醫W PROTEIN抹茶濃縮乳清蛋白,義美生醫,35,141,21.5,8.3,2.4,1包35g；乳清分離+濃縮；抹茶口味；含咖啡因75.2mg/包,,
7-11 CITY PRIMA精品拿鐵（大杯熱）,7-ELEVEN CITY CAFE,0,242,9,20,11,大杯熱；糖16g；咖啡因197mg；蛋白脂肪依一般熱拿鐵比例估算；±10%,,
7-11吉士豬肉堡加蛋,7-ELEVEN,120,270,18.2,27.5,10.8,每份120g；標示值；含起司片+蛋,,
麻古金萱雙Q（無糖冰）,麻古茶坊MACU,0,150,0.5,35,0.5,無糖；熱量來自波霸+椰果；去糖後估算；±20%,,
巧克力蛋白麵包,標示值,122,391,20.3,47,13.6,每份122g；標示值,,
丸嫩仙草BlackBall愛玉檸檬（有糖）,丸嫩仙草BlackBall,0,165,0.5,40,0.2,大杯有糖；愛玉凍+檸檬汁+糖水；估算±20%,,
福樂超能蛋白營養牛乳(堅果可可口味),佳格食品,375,205,21.4,24,2.6,375mL整瓶；含BCAA 3810mg；標示值,,
One kg Less纖飽蛋白輕食奶昔（法式可可）,MCB Advanced Health,25,88,13.6,8.2,0.7,每包25g；標示值；膳食纖維2.6g；咖啡因31mg；含CollaGEM魚鱗膠原蛋白,83.3,0.74
健身G肉餐盒(健康志向),全家FamilyMart,385.0,481.0,30,66.6,10.4,每份熱量481大卡;每份規格385公克;(本包裝含1份)；鈉554mg,,
義美生醫W PROTEIN草莓濃縮乳清蛋白,義美生醫I-Mei,35,144,20,12.2,1.8,每份35g；10份/盒；濃縮乳清；草莓口味；標示值,,
芋泥起司麵包（義美麵包店）,義美麵包店,170,445,12,58,18,比手掌大約170g；軟式圓麵包+芋泥餡+表面起司；估算±15%,,
義美生醫W PROTEIN黑炫可可夾心酥,義美生醫I-Mei,40,216,8,17.9,12.4,每份40g；6份/盒；奶素；無添加香料色素甜味劑；標示值,,
義美生醫W PROTEIN可可濃縮乳清蛋白,義美生醫I-Mei,35,143,20.7,9.8,2.4,每份35g；10份/盒；濃縮乳清；可可口味；標示值,,
巧克力三角蛋糕（麵包店）,麵包店,125,380,7,50,17,約125g；軟式三角麵包+巧克力奶油餡；估算±15%,,
hi-Life莎莎雞肉捲餅,hi-Life,149,206,12,25,4,標示值；每包149g,,
光泉無加糖濃黑豆漿,光泉,375,204,19.1,11.6,9.8,375mL整包；標示值,,
質立希臘式優格（無加糖）,質立,150,171,6.0,19.8,7.5,無加糖；本包1份150g；標示值,,
質貝立希臘式優格（無加糖）,質貝立,150,171,6.0,19.8,7.5,無香料無色素無加糖；鈉84mg/份,,
麵包（90g，標示值）,包裝標示,90,326,8.6,40.5,14.4,淨重90g；糖14.6g；鈉146mg；標示值,,
統一營養強化高鈣牛乳,統一企業,100,75.4,3.8,7.4,3.4,每100mL；400mL/盒；鈣215mg/100mL；BCAA 714mg；維生素D3；標示值,,
7-11林聰明雞肉飯飯糰,7-ELEVEN統一超食代,110,213,7.5,34.3,5.1,每份110g；鈉631mg；標示值,,
濃い果実巨峰葡萄飲料,ICE濃い果実,129.5,42,0.3,10.2,0,整罐1份129.5g；糖10.1g；鈉21.6mg；標示值,,
義美生醫W PROTEIN花生夾心酥,義美生醫I-Mei,40,219,8.0,12.7,5.8,每份40g；包裝標示值；花生口味,,
義美生醫W PROTEIN黑炫可可夾心酥（小包20g）,義美生醫I-Mei,20,97.9,8.3,5.9,4.6,每份20g；1份/包；標示值；可可口味,,
巧克力棒餅（泰國）,味覺百撰,18,92,1,12,4.5,每份18g；1份/包；糖7g；鈉30mg；標示值；泰國製,,
New York Perfect Cheese餅乾,かみなり舎（日本）,0,82,1.1,7.0,5.5,per個；NP-15；1箱12個；巧克力起司夾心餅乾,,
Standard Foods蛋白X燕麥營養二合一,Standard Foods統一,290,117,6.1,14.5,4.4,290mL整瓶；膳食纖維2.6g；β-聚醣0.7g；無防腐劑；標示值,,
蛋白力量巧克力高蛋白麵包,7-ELEVEN,122,391,20.3,13.6,6.6,整包122g；蛋白質20.3g；鈉329mg；標示值,,
Hi-Life龍蝦鮪魚沙拉三明治,萊爾富Hi-Life,95,310,13.4,26,18,每份95g；鈉410mg；標示值；49元,,
Vilson米森無加糖分離乳清蛋白飲（可可拿鐵）,Vilson米森,40,173,22.4,8.6,5.4,每份40g，共12.5份/500g；無加糖；可可拿鐵口味,,
光泉低脂高鈣牛乳,光泉,200,110,3.4,17.8,2.8,200mL/包；鈣240mg；低脂高鈣牛乳（非鮮乳）；標示值,,
DyDo日式黑咖啡,DyDo,350,13,0.4,2.8,0,350mL/瓶；無糖；標示值12.8kcal,,
統一亞妮莓果牛乳,統一企業,100,55.8,1.9,8.9,1.4,400mL/4份，每份100mL,,
福樂草莓優格飲,福樂,200,122,3.8,21.6,2.8,200mL/包；UHT；保久乳飲品；標示值,,
陽光無加糖超優蛋白豆漿,統一企業,375,231,20.6,12.8,11.6,375mL/包；高蛋白豆漿；非基因改造黃豆；標示值,,
福樂超能蛋白無加糖優酪,福樂,135,113,10.1,8.1,4.5,135g/杯；無加糖；BCAA 2076mg；標示值,,
香檸奶油魚排蔬滿盒,全家FamilyMart,328.0,256.0,24.9,20.7,8.2,每份熱量256大卡;每份規格328公克;(本包裝含1份)；鈉594mg,,
桃木燻雞胸,世紀生活事業,100,120,22.6,3.6,1.7,100g/包；冷藏即食；標示值,,
米大師湯泡飯－菠菜蛋花,米大師,129,210,6.8,52.4,1.3,129g/碗；標示值,,
義美小羊羹（紅豆）,義美,33,83,1.5,19.1,0.1,每條33g；8入/包264g；標示值,,
初鹿鮮乳,初鹿牧場,100,64,3.2,4.8,3.6,每100mL；全脂鮮乳；乳脂肪3.0%以上；標示值,,
蘭姆葡萄餅乾,スリースター製菓（日本）,1,187,2.4,22.4,9.8,每1個；條碼4582406621271；スリースター製菓株式会社（群馬縣）,,
高大鮮乳,高大牧場,100,60,3.0,4.8,3.2,每100ml；全脂鮮乳；條碼4715104780067；鈣110mg/100ml,110,
義美生醫W PROTEIN乳清蛋白飲-咖啡,義美生醫,35,144,20.5,9.5,2.7,備災物資照片,,
義美生醫W PROTEIN濃縮乳清蛋白,義美生醫,25,99.5,19.0,2.1,1.7,備災物資照片,,
Auchan巧克力乳清蛋白粉,Auchan,30,121,23,1.4,2.7,備災物資照片,,
統一陽光無加糖高纖燕麥飲,統一企業,300,161,4.5,30.6,3.6,300mL/瓶；膳食纖維6g；菊苣纖維3g；標示值,,
義美生醫W PROTEIN濃縮乳清蛋白(奶茶),義美生醫I-Mei,35,141,20.3,10.2,2.1,每份35g；10份/盒；濃縮乳清；奶茶口味；標示值,,
7-11林聰明雞肉飯飯糰,7-ELEVEN,110,213,7.5,34.3,5.1,110g/份；標示值,,
7-11薯泥鮮蔬蛋沙拉,7-ELEVEN,165,144,3.8,10.5,9.6,165g/盒；標示值；Simple Fit系列,,
7-11 Simple Fit溏心蛋紐奧良風味烤雞三明治,7-ELEVEN,117,241,15.8,20.1,10.8,117g/份；Simple Fit系列；標示值,,
in果凍（纖維）,台灣森永製菓,180,70,0,25.0,0,膳食纖維12.6g，赤藻糖醇1.3g，鈉81mg,,
義美生醫W PROTEIN JUNIOR成長期乳清蛋白飲-巧克力牛奶,義美生醫I-Mei,35,121,9.9,20.6,0.7,備災物資照片；成長期配方；含益生菌,,
AGV牛奶燕麥飲（OAT LATTE）,AGV愛之味,290,181,5.1,29.9,4.7,290mL/瓶；標示值；含燕麥胚芽,,
MUJI無印良品咖哩（雞肉）,無印良品MUJI,180,279,10.6,16.6,18.9,180g/包；日本原裝；標示值,,
桂格5黑芝麻多穀飲（無添加糖）,桂格Quaker,280,121.5,3.6,17.9,4.5,280mL/瓶；無添加糖；黑芝麻黑糯米黑蕎麥黑豆；標示值,,
桂格顆粒豆漿燕麥飲（無添加糖）,桂格Quaker,290,117,6.1,14.5,4.4,290mL/瓶；無添加糖；燕麥纖維×大豆蛋白；標示值,,
Hi-Life厚里雞蛋沙拉三明治,Hi-Life萊爾富,130,317,8,35,16,熱量317kcal；標示值；P/C/F為估算,,
美式蔬食即食雞胸肉,美式蔬食,95,109.8,19.6,2.9,2.2,95g/包；即食；標示值,,
7-11雙蔬鮪魚飯糰,7-ELEVEN,109,234,5.2,37.8,6.9,標示值；每包109g,,
福樂超能蛋白營養牛乳（咖啡口味）,福樂佳格,375,194,21.0,25.1,1.1,375mL整瓶；標示值；高蛋白牛乳,,
太陽堂太陽餅,太陽堂烘焙食品有限公司,50,227,3.0,33.5,9.0,1份50g；標示值；糖2.7g/鈉17mg,,
唐璞烘焙高蛋白麵包,唐璞烘焙Top Bakery,122,391,20.3,47.0,13.6,每份122g(整包1份)；標示值；糖10g/鈉329mg；確切口味未拍到,,
瑞穗蘋果調味乳,瑞穗(SIG包裝),400,285,6.0,45.6,8.0,400mL/瓶；每100mL 71.2kcal/P1.5/F2.0/C11.4；標示值,,
朝純鮮乳,朝陽/其他品牌鮮乳,100,64.3,3.4,4.4,3.7,依 Ines 過去標示值換算回推(07-16/17/18三次換算一致)；每100mL約64.3kcal,,
福記茶葉滷蛋(即食軟法滷蛋),福記,35,67,5.0,2.1,4.3,1份35g/包；標示值；每100g 192kcal P14.4 C6.0 F12.3,,
夏日芒果切片,包裝標示(廠商未詳),144,63,0,15,0,144g/盒；標示63kcal/份，假設整盒＝1份；蛋白脂肪未標示，依芒果一般成分估,,
醬燒烤雞三明治,全家FamilyMart,103.0,199.0,10.4,21.2,8,每份熱量199大卡;每份規格103公克;(本包裝含1份)；鈉553mg,,
義美高鈣豆奶(無加糖),義美 I-Mei,400,146,14.0,7.4,6.7,400mL整包；標示值；鈉416mg,,
光泉優質蛋白奶-無加糖燕麥,光泉,375,149.6,15.0,9.8,5.6,375mL整包；標示值；鈉150mg,,
比菲多直立蛋白質優酪乳飲品,台灣比菲多食品,240,180,12.0,29.7,1.5,240g整瓶；標示值；每瓶含12g蛋白質；鈉108mg,,
